analysis_set,case_id,answer_uncertainty,answer_pairwise_distance,n_answer_clusters
bioasq_train,bioasq13b_55031181e9bde69634000014,-0.0,0.04608726501464844,1
bioasq_train,bioasq13b_532f062ad6d3ac6a34000027,0.14118174150460758,0.05514165386557579,2
bioasq_train,bioasq13b_54f49995d0d681a040000002,-0.0,0.0027278277557343245,1
bioasq_train,bioasq13b_535d78137d100faa09000005,-0.0,0.053254324942827225,1
bioasq_train,bioasq13b_52d946c798d023950500000a,-0.0,0.031166577711701393,1
bioasq_train,bioasq13b_5322d9339b2d7acc7e000011,-0.0,0.008999312296509743,1
bioasq_train,bioasq13b_553fa2201d53b76422000005,-0.0,0.014431842602789402,1
bioasq_train,bioasq13b_550324d7e9bde6963400002f,0.14118174150460758,0.05901588872075081,2
bioasq_train,bioasq13b_52f125332059c6d71c000007,-0.0,0.020627785474061966,1
bioasq_train,bioasq13b_54dcb29dc0bb8dce23000004,-0.0,0.008331210352480412,1
bioasq_train,bioasq13b_533c388dc45e133714000008,-0.0,0.028343120589852333,1
bioasq_train,bioasq13b_56c3323a50c68dd416000009,-0.0,0.033724598586559296,1
bioasq_train,bioasq13b_56cf413f3975bb303a000009,-0.0,0.010228138417005539,1
bioasq_train,bioasq13b_5357bd56f1005d6b58000009,-0.0,0.008018329739570618,1
bioasq_train,bioasq13b_56c1d848ef6e39474100002f,-0.0,0.023498931899666786,1
bioasq_train,bioasq13b_53312464d6d3ac6a3400003a,-0.0,0.016341736540198326,1
bioasq_train,bioasq13b_56ae35bc0a360a5e45000007,-0.0,0.0034940652549266815,1
bioasq_train,bioasq13b_54fc97b86ad7dcbc12000002,-0.0,0.025302516296505928,1
bioasq_train,bioasq13b_56ccae765795f9a73e000035,-0.0,0.015544263646006584,1
bioasq_train,bioasq13b_56f112932ac5ed145900000d,-0.0,0.05631024017930031,1
bioasq_train,bioasq13b_57169662cb4ef8864c000008,0.14118174150460758,0.05721059441566467,2
bioasq_train,bioasq13b_54f57892d0d681a040000009,-0.0,0.038698647171258926,1
bioasq_train,bioasq13b_56a7d5afa17756b72f000002,-0.0,0.03200424090027809,1
bioasq_train,bioasq13b_53188c12b166e2b80600001a,-0.0,0.027105744928121567,1
bioasq_train,bioasq13b_5523dc8c7b523f2123000002,-0.0,0.020542286336421967,1
bioasq_train,bioasq13b_5710ade4cf1c32585100002c,-0.0,0.02096143178641796,1
bioasq_train,bioasq13b_532ad23ad6d3ac6a34000011,-0.0,0.06761355698108673,1
bioasq_train,bioasq13b_56b2863945561f0573000001,0.29228525323862886,0.1287165880203247,2
bioasq_train,bioasq13b_5318a6b2b166e2b80600001f,0.14118174150460758,0.04520665109157562,2
bioasq_train,bioasq13b_52bf1df903868f1b06000013,-0.0,0.01463189534842968,1
bioasq_train,bioasq13b_5319ac7fb166e2b806000033,-0.0,0.02677830681204796,1
bioasq_train,bioasq13b_534428feaeec6fbd0700000a,-0.0,0.023355284705758095,1
bioasq_train,bioasq13b_552016a36b348bb82c000018,-0.0,0.0275474414229393,1
bioasq_train,bioasq13b_532f0511d6d3ac6a34000024,-0.0,0.005639753304421902,1
bioasq_train,bioasq13b_54d9071a4b1fd0d33c000007,-0.0,0.015663811936974525,1
bioasq_train,bioasq13b_551c2cd26b348bb82c00000d,0.14118174150460758,0.03808489814400673,2
bioasq_train,bioasq13b_56e45bc651531f7e33000018,-0.0,0.03912607207894325,1
bioasq_train,bioasq13b_53319916d6d3ac6a3400003f,-0.0,0.01993694342672825,1
bioasq_train,bioasq13b_55152c0a46478f2f2c000004,-0.0,0.012485351413488388,1
bioasq_train,bioasq13b_56bb54d3ac7ad10019000006,-0.0,0.044094327837228775,1
bioasq_train,bioasq13b_5309fa5e970c65fa6b000003,-0.0,0.03229059278964996,1
bioasq_train,bioasq13b_56c23652ef6e39474100005a,-0.0,0.0009788976749405265,1
bioasq_train,bioasq13b_52f89fba2059c6d71c00004f,-0.0,0.013355023227632046,1
bioasq_train,bioasq13b_5335ebb6d6d3ac6a34000054,-0.0,0.03684098273515701,1
bioasq_train,bioasq13b_554403395beec11c10000001,-0.0,0.0011751598212867975,1
bioasq_train,bioasq13b_53175e4fb166e2b806000008,-0.0,0.0008893304620869458,1
bioasq_train,bioasq13b_5341d15dc45e133714000018,-0.0,0.0073152994737029076,1
bioasq_train,bioasq13b_55424745ed966d112c000002,0.14118174150460758,0.07174813747406006,2
bioasq_train,bioasq13b_530a34eb970c65fa6b000004,-0.0,0.0011972851352766156,1
bioasq_train,bioasq13b_570a7594cf1c325851000026,-0.0,0.008411090821027756,1
bioasq_train,bioasq13b_56a8b1a5a17756b72f000004,-0.0,0.022796103730797768,1
bioasq_train,bioasq13b_530cefaaad0bf1360c000006,-0.0,0.008669015020132065,1
bioasq_train,bioasq13b_55476a3ff35db75526000003,-0.0,0.05017032474279404,1
bioasq_train,bioasq13b_530cefaaad0bf1360c000009,-0.0,0.02054258994758129,1
bioasq_train,bioasq13b_52fa74252059c6d71c00005b,0.34822537285722394,0.08743628114461899,3
bioasq_train,bioasq13b_56f3f94109dd18d46b000001,-0.0,0.03007836826145649,1
bioasq_train,bioasq13b_530cefaaad0bf1360c00000b,-0.0,0.0024887125473469496,1
bioasq_train,bioasq13b_54f09a5894afd6150400001c,-0.0,0.015942316502332687,1
bioasq_train,bioasq13b_530cefaaad0bf1360c00000e,-0.0,0.019467627629637718,1
bioasq_train,bioasq13b_533c3571c45e133714000005,-0.0,0.0366942398250103,1
bioasq_train,bioasq13b_54f1e887c409818c32000004,-0.0,0.01623087003827095,1
bioasq_train,bioasq13b_52e204a998d0239505000012,-0.0,0.0434221550822258,1
bioasq_train,bioasq13b_5357a514f1005d6b58000003,-0.0,0.04428255185484886,1
bioasq_train,bioasq13b_5321bc029b2d7acc7e00000c,0.14118174150460758,0.06555075943470001,2
bioasq_train,bioasq13b_530b01a6970c65fa6b000008,-0.0,0.014049896039068699,1
bioasq_train,bioasq13b_5314c045dae131f847000007,-0.0,0.0012989150127395988,1
bioasq_train,bioasq13b_54f4914bd0d681a040000001,-0.0,0.024632850661873817,1
bioasq_train,bioasq13b_550313aae9bde6963400001f,-0.0,0.022052284330129623,1
bioasq_train,bioasq13b_551177626a8cde6b72000005,-0.0,0.03677785024046898,1
bioasq_train,bioasq13b_52fc94ae2059c6d71c000073,-0.0,0.006277851294726133,1
bioasq_train,bioasq13b_54fc3cf410565e080c000001,-0.0,0.027346938848495483,1
bioasq_train,bioasq13b_56cafb1b5795f9a73e00002f,-0.0,0.0013913061702623963,1
bioasq_train,bioasq13b_533175add6d3ac6a3400003c,-0.0,0.005813418421894312,1
bioasq_train,bioasq13b_53175f0bb166e2b80600000c,0.29228525323862886,0.07355210185050964,2
bioasq_train,bioasq13b_56c234a4ef6e394741000059,-0.0,0.012523138895630836,1
bioasq_train,bioasq13b_533eba45c45e133714000014,-0.0,0.06326813250780106,1
bioasq_train,bioasq13b_54eded8c94afd6150400000c,-0.0,0.045495256781578064,1
bioasq_train,bioasq13b_55435a46ed966d112c000006,-0.0,0.033847156912088394,1
bioasq_train,bioasq13b_54fc48bb6ea36a810c000002,-0.0,0.017293699085712433,1
bioasq_train,bioasq13b_532ad4b4d6d3ac6a34000012,0.6535212480354062,0.1784583479166031,5
bioasq_train,bioasq13b_56a3a6c9496b62f23f000008,-0.0,0.0029515624046325684,1
bioasq_train,bioasq13b_56b469448525abca1e000007,-0.0,0.016613030806183815,1
bioasq_train,bioasq13b_57167625cb4ef8864c000006,-0.0,0.033634722232818604,1
bioasq_train,bioasq13b_54ede5a494afd61504000005,-0.0,0.04639635235071182,1
bioasq_train,bioasq13b_52f385052059c6d71c000011,-0.0,0.023196175694465637,1
bioasq_train,bioasq13b_52f88a062059c6d71c000032,-0.0,0.05056016147136688,1
bioasq_train,bioasq13b_530b7ae4970c65fa6b00000b,-0.0,0.028537306934595108,1
bioasq_train,bioasq13b_5325b0419b2d7acc7e000026,-0.0,0.004702283069491386,1
bioasq_train,bioasq13b_56c2fbd91e69116444000001,-0.0,0.0404055118560791,1
bioasq_train,bioasq13b_5507fc114b2a315d41000003,-0.0,0.03206765651702881,1
bioasq_train,bioasq13b_54d8e59f4b1fd0d33c000001,-0.0,0.006301691755652428,1
bioasq_train,bioasq13b_57169a49cb4ef8864c00000a,-0.0,0.03558945283293724,1
bioasq_train,bioasq13b_54d8efb84b1fd0d33c000003,-0.0,0.009003103710711002,1
bioasq_train,bioasq13b_54edf27e94afd61504000010,-0.0,0.03415758162736893,1
bioasq_train,bioasq13b_52b2f1014003448f5500000a,-0.0,0.04424666985869408,1
bioasq_train,bioasq13b_54ede34694afd61504000004,-0.0,0.0010464045917615294,1
bioasq_train,bioasq13b_5314ad66dae131f847000004,-0.0,0.03930654004216194,1
bioasq_train,bioasq13b_56d1ddd267f0cb3d66000008,-0.0,0.015044976957142353,1
bioasq_train,bioasq13b_553d0c1df321868558000014,-0.0,0.004355432000011206,1
bioasq_train,bioasq13b_552033206b348bb82c00001b,-0.0,0.06774652004241943,1
bioasq_train,bioasq13b_56ae5a8a0a360a5e4500000b,-0.0,0.018130330368876457,1
bioasq_train,bioasq13b_5318813ab166e2b806000016,-0.0,0.003227659035474062,1
bioasq_train,bioasq13b_55031406e9bde69634000021,-0.0,0.026091808453202248,1
bioasq_train,bioasq13b_571394701174fb175500000c,-0.0,0.009072385728359222,1
bioasq_train,bioasq13b_551d8b3a6b348bb82c000011,-0.0,0.022095872089266777,1
bioasq_train,bioasq13b_551173c26a8cde6b72000004,-0.0,0.01887684315443039,1
bioasq_train,bioasq13b_56f82a39cf1c325851000001,-0.0,0.02169921062886715,1
bioasq_train,bioasq13b_530cf22aa177c6630c000001,0.14118174150460758,0.06187702715396881,2
bioasq_train,bioasq13b_56acda7c0a360a5e45000005,-0.0,0.012532870285212994,1
bioasq_train,bioasq13b_55167dec46478f2f2c00000a,-0.0,0.021539775654673576,1
bioasq_train,bioasq13b_532f06e6d6d3ac6a34000028,-0.0,0.004583567846566439,1
bioasq_train,bioasq13b_54fd5dd86ad7dcbc12000008,-0.0,0.038452282547950745,1
bioasq_train,bioasq13b_54f08fa494afd61504000017,-0.0,0.04185265302658081,1
bioasq_train,bioasq13b_54da21bf4b1fd0d33c00000d,-0.0,0.03020591288805008,1
bioasq_train,bioasq13b_55031d82e9bde6963400002c,-0.0,0.03677096217870712,1
bioasq_train,bioasq13b_55253d7087ecba3764000008,-0.0,0.028147002682089806,1
bioasq_train,bioasq13b_56b77a866e3f8eaf4c000004,-0.0,0.011931954883038998,1
bioasq_train,bioasq13b_56c8efef5795f9a73e000019,-0.0,0.04160352423787117,1
bioasq_train,bioasq13b_5319a7f2b166e2b80600002a,-0.0,0.005680219270288944,1
bioasq_train,bioasq13b_53482bfcaeec6fbd07000010,-0.0,0.005967214237898588,1
bioasq_train,bioasq13b_5507ea9a0195c16935000008,-0.0,0.0071505652740597725,1
bioasq_train,bioasq13b_56cdf4fe5795f9a73e000044,-0.0,0.0017580906860530376,1
bioasq_train,bioasq13b_553cf397f321868558000010,0.14118174150460758,0.0711672231554985,2
bioasq_train,bioasq13b_531881acb166e2b806000017,-0.0,0.04835452139377594,1
bioasq_train,bioasq13b_553e07caf321868558000016,-0.0,0.06722477823495865,1
bioasq_train,bioasq13b_56e844c442442bac75000002,-0.0,0.018459651619195938,1
bioasq_train,bioasq13b_56f403d009dd18d46b000004,0.14118174150460758,0.037328340113162994,2
bioasq_train,bioasq13b_56a3a8c7496b62f23f000009,-0.0,0.02163773961365223,1
bioasq_train,bioasq13b_52fb20a32059c6d71c00005d,-0.0,0.005849035456776619,1
bioasq_train,bioasq13b_52d783bf98d0239505000001,-0.0,0.049113523215055466,1
bioasq_train,bioasq13b_56c1f00fef6e394741000040,-0.0,0.060432128608226776,1
bioasq_train,bioasq13b_533c394ec45e13371400000c,-0.0,0.042260970920324326,1
bioasq_train,bioasq13b_5319a80fb166e2b80600002b,0.14118174150460758,0.03934691101312637,2
bioasq_train,bioasq13b_5312f0f0e3eabad02100000d,-0.0,0.001034000189974904,1
bioasq_train,bioasq13b_52f3a9ef2059c6d71c000012,-0.0,0.013446148484945297,1
bioasq_train,bioasq13b_56d2ae19f22319765a000006,-0.0,0.03662009909749031,1
bioasq_train,bioasq13b_5722027a0fd6f91b68000014,-0.0,0.003033367684110999,1
bioasq_train,bioasq13b_530d7e8a38c1322806000001,-0.0,0.036422230303287506,1
bioasq_train,bioasq13b_54e221f6ae9738404b000010,-0.0,0.046486251056194305,1
bioasq_train,bioasq13b_56c097deef6e394741000027,0.2775280104064451,0.08899535238742828,3
bioasq_train,bioasq13b_5318985eb166e2b80600001d,-0.0,0.00627164589241147,1
bioasq_train,bioasq13b_5508453a4b2a315d41000008,-0.0,0.024148263037204742,1
bioasq_train,bioasq13b_55414e4f472cfd8617000002,-0.0,0.014482674188911915,1
bioasq_train,bioasq13b_56afa7fd0a360a5e45000016,-0.0,0.029410839080810547,1
bioasq_train,bioasq13b_5710a51bcf1c325851000029,-0.0,0.06650887429714203,1
bioasq_train,bioasq13b_56c1d84aef6e394741000030,-0.0,0.010443721897900105,1
bioasq_train,bioasq13b_56c1d85fef6e394741000036,-0.0,0.04566793516278267,1
bioasq_train,bioasq13b_5172f8118ed59a060a000019,0.29228525323862886,0.10108049213886261,2
bioasq_train,bioasq13b_52d3cc5203868f1b06000037,-0.0,0.04904155805706978,1
bioasq_train,bioasq13b_530e42bf5937551c09000005,-0.0,0.015724141150712967,1
bioasq_train,bioasq13b_52f4f2082059c6d71c00001d,-0.0,0.034852463752031326,1
bioasq_train,bioasq13b_54d892ee014675820d000005,-0.0,0.0,1
bioasq_train,bioasq13b_530cf54dab4de4de0c000009,-0.0,0.03095407411456108,1
bioasq_train,bioasq13b_56c1f011ef6e394741000042,-0.0,0.030497558414936066,1
bioasq_train,bioasq13b_56e0813651531f7e33000010,-0.0,0.04797125235199928,1
bioasq_train,bioasq13b_53355714d6d3ac6a34000045,-0.0,0.056111376732587814,1
bioasq_train,bioasq13b_5509b6d22e93f0133a000005,0.21732201127364886,0.054672881960868835,2
bioasq_train,bioasq13b_56c9f9d95795f9a73e00001e,-0.0,0.01540773082524538,1
bioasq_train,bioasq13b_569e7e99ceceede94d000003,-0.0,0.03492001071572304,1
bioasq_train,bioasq13b_569e6c68ca240fa209000001,-0.0,0.03747101500630379,1
bioasq_train,bioasq13b_56c322d750c68dd416000004,-0.0,0.02691478282213211,1
bioasq_train,bioasq13b_56c06ef5ef6e39474100001e,-0.0,0.06773313134908676,1
bioasq_train,bioasq13b_553a9aa3f321868558000004,-0.0,0.02227925695478916,1
bioasq_train,bioasq13b_56b8a525156496395c000002,-0.0,0.009907236322760582,1
bioasq_train,bioasq13b_56f3eebd2ac5ed1459000016,-0.0,0.005013095214962959,1
bioasq_train,bioasq13b_56ecffd62ac5ed1459000003,-0.0,0.05201717093586922,1
bioasq_train,bioasq13b_550331abe9bde69634000037,-0.0,0.021172532811760902,1
bioasq_train,bioasq13b_5525317687ecba3764000007,-0.0,0.018447410315275192,1
bioasq_train,bioasq13b_54fc4e2e6ea36a810c000003,-0.0,0.01385483704507351,1
bioasq_train,bioasq13b_54dfcdf81388e8454a00000a,-0.0,0.03835131973028183,1
bioasq_train,bioasq13b_56accec70a360a5e45000003,-0.0,0.01331571489572525,1
bioasq_train,bioasq13b_56cad5df5795f9a73e000020,-0.0,0.01026496384292841,1
bioasq_train,bioasq13b_56f3f2072ac5ed1459000018,-0.0,0.03829854726791382,1
bioasq_train,bioasq13b_5713394af9287de436000001,-0.0,0.02657805010676384,1
bioasq_train,bioasq13b_54e1c5d5ae9738404b00000b,-0.0,0.008219053968787193,1
bioasq_train,bioasq13b_570906fecf1c325851000010,-0.0,0.008097299374639988,1
bioasq_train,bioasq13b_56f55cc809dd18d46b000008,0.14118174150460758,0.05972715839743614,2
bioasq_train,bioasq13b_571f30c40fd6f91b68000002,0.14118174150460758,0.0383470319211483,2
bioasq_train,bioasq13b_531e01ff267d7dd05300000e,-0.0,0.01297849789261818,1
bioasq_train,bioasq13b_56d046813975bb303a00000f,0.14118174150460758,0.04808153584599495,2
bioasq_train,bioasq13b_55391b2cbc4f83e828000017,-0.0,0.028295151889324188,1
bioasq_train,bioasq13b_54dc8ed6c0bb8dce23000002,-0.0,0.01965656504034996,1
bioasq_train,bioasq13b_52bf1f5f03868f1b06000017,0.14118174150460758,0.052306003868579865,2
bioasq_train,bioasq13b_5518e7a7622b194345000002,-0.0,0.008946355432271957,1
bioasq_train,bioasq13b_56eaf4e6107309bc2f000001,-0.0,0.019187558442354202,1
bioasq_train,bioasq13b_56b8ccc5156496395c000003,-0.0,0.004490633960813284,1
bioasq_train,bioasq13b_53175e68b166e2b806000009,-0.0,0.04212312027812004,1
bioasq_train,bioasq13b_52ed264a98d023950500002f,0.2652949955741215,0.07533140480518341,2
bioasq_train,bioasq13b_56f82f9acf1c325851000002,-0.0,0.0319061279296875,1
bioasq_train,bioasq13b_56bce63cd36b5da37800000b,-0.0,0.02165580913424492,1
bioasq_train,bioasq13b_530a3f8a970c65fa6b000006,-0.0,0.017010094597935677,1
bioasq_train,bioasq13b_56e0869351531f7e33000011,-0.0,0.007069586310535669,1
bioasq_train,bioasq13b_56b9cabbac7ad10019000002,-0.0,0.007139701396226883,1
bioasq_train,bioasq13b_52fb19ab2059c6d71c00005c,-0.0,0.02210315503180027,1
bioasq_train,bioasq13b_56c8f7445795f9a73e00001b,-0.0,2.119276309997531e-08,1
bioasq_train,bioasq13b_535d7c247d100faa09000006,0.2775280104064451,0.10137241333723068,3
bioasq_train,bioasq13b_5318798bb166e2b806000014,-0.0,0.027105916291475296,1
bioasq_train,bioasq13b_57152ebbcb4ef8864c000002,0.14118174150460758,0.02260495349764824,2
bioasq_train,bioasq13b_56acd7530a360a5e45000004,-0.0,0.01938578486442566,1
bioasq_train,bioasq13b_55479102f35db75526000004,-0.0,0.0349312424659729,1
bioasq_train,bioasq13b_530f72fd329f5fcf1e000003,-0.0,0.025484958663582802,1
bioasq_train,bioasq13b_55391825bc4f83e828000016,-0.0,0.026195023208856583,1
bioasq_train,bioasq13b_56f6d4ed09dd18d46b000010,-0.0,0.012989806942641735,1
bioasq_train,bioasq13b_56c4bbfdb04e159d0e000002,-0.0,0.044497184455394745,1
bioasq_train,bioasq13b_532f03e6d6d3ac6a34000022,0.30102999566398114,0.0714699849486351,2
bioasq_train,bioasq13b_530e1b205937551c09000003,0.21732201127364886,0.06176953390240669,2
bioasq_train,bioasq13b_54d8e319014675820d000009,-0.0,0.003482743166387081,1
bioasq_train,bioasq13b_52f348542059c6d71c00000f,-0.0,0.023273393511772156,1
bioasq_train,bioasq13b_56c331aa50c68dd416000005,0.38997287335391506,0.10862398147583008,3
bioasq_train,bioasq13b_56c1f027ef6e394741000049,-0.0,0.01802804134786129,1
bioasq_train,bioasq13b_56bcd422d36b5da378000005,-0.0,0.015077004209160805,1
bioasq_train,bioasq13b_5549de44f35db7552600000c,-0.0,0.0169831495732069,1
bioasq_train,bioasq13b_5541297f182542114d000001,-0.0,0.010824493132531643,1
bioasq_train,bioasq13b_56d2adc5f22319765a000005,-0.0,0.03744294494390488,1
bioasq_train,bioasq13b_571f2e8e0fd6f91b68000001,-0.0,0.008252313360571861,1
bioasq_train,bioasq13b_5710ed19a5ed216440000003,-0.0,0.02889052778482437,1
bioasq_train,bioasq13b_550300fce9bde6963400000a,-0.0,0.04737567901611328,1
bioasq_train,bioasq13b_5502fe13e9bde69634000009,-0.0,0.07080600410699844,1
bioasq_train,bioasq13b_54fc27a896abe38008000002,-0.0,0.008952649310231209,1
bioasq_train,bioasq13b_5335c938d6d3ac6a34000052,-0.0,0.012227194383740425,1
bioasq_train,bioasq13b_5717e0717de986d80d000002,-0.0,0.033848658204078674,1
bioasq_train,bioasq13b_5713506d1174fb1755000003,-0.0,0.0063944049179553986,1
bioasq_train,bioasq13b_52f65f372059c6d71c000027,-0.0,0.01374188531190157,1
bioasq_train,bioasq13b_53442472aeec6fbd07000008,-0.0,0.013681931421160698,1
bioasq_train,bioasq13b_55074fa8bde8548216000003,-0.0,0.015574546530842781,1
bioasq_train,bioasq13b_570a8dcfcf1c325851000027,-0.0,0.0313146598637104,1
bioasq_train,bioasq13b_552446612c8b63434a00000c,-0.0,0.008366049267351627,1
bioasq_train,bioasq13b_553f5a20ab98a37113000006,-0.0,0.05260288342833519,1
bioasq_train,bioasq13b_56c904745795f9a73e00001c,-0.0,0.00913934875279665,1
bioasq_train,bioasq13b_5503167be9bde69634000028,-0.0,0.018181074410676956,1
bioasq_train,bioasq13b_56c036afef6e394741000019,-0.0,0.03143959119915962,1
bioasq_train,bioasq13b_5710eec5a5ed216440000004,-0.0,0.07348574697971344,1
bioasq_train,bioasq13b_551ae73b6b348bb82c000001,-0.0,0.0016914407024160028,1
bioasq_train,bioasq13b_54f2f81664850a5854000003,-0.0,0.0028419322334229946,1
bioasq_train,bioasq13b_56c1f031ef6e39474100004e,-0.0,0.011524464003741741,1
bioasq_train,bioasq13b_535917f3c95abccd6f000001,-0.0,0.025533242151141167,1
bioasq_train,bioasq13b_5544e4635beec11c10000007,-0.0,0.037880875170230865,1
bioasq_train,bioasq13b_56af573b0a360a5e45000011,-0.0,0.011297909542918205,1
bioasq_train,bioasq13b_553ccbaef32186855800000f,0.30102999566398114,0.07722997665405273,2
bioasq_train,bioasq13b_56c0ea0aef6e394741000029,-0.0,0.025173816829919815,1
bioasq_train,bioasq13b_56a38f9b496b62f23f000004,-0.0,0.031290482729673386,1
bioasq_train,bioasq13b_5324d0429b2d7acc7e000023,-0.0,0.03824781998991966,1
bioasq_train,bioasq13b_56be14c7ef6e39474100000a,-0.0,0.037519074976444244,1
bioasq_train,bioasq13b_54fc58df6ea36a810c000004,-0.0,0.029699621722102165,1
bioasq_train,bioasq13b_56bf4035ef6e394741000010,-0.0,0.04080185294151306,1
bioasq_train,bioasq13b_52fc94932059c6d71c000072,-0.0,0.0028198242653161287,1
bioasq_train,bioasq13b_55032785e9bde69634000031,0.29228525323862886,0.07348764687776566,2
bioasq_train,bioasq13b_533ada5efd9a95ea0d000001,-0.0,0.05845288559794426,1
bioasq_train,bioasq13b_54f48cb74e9bf3263f000001,-0.0,0.022240791469812393,1
bioasq_train,bioasq13b_532f043ed6d3ac6a34000023,-0.0,0.036587391048669815,1
bioasq_train,bioasq13b_5545d847bf90a13052000006,-0.0,0.0001485003303969279,1
bioasq_train,bioasq13b_5541ffc3472cfd8617000004,0.2652949955741215,0.08275092393159866,2
bioasq_train,bioasq13b_54f0985994afd6150400001a,0.21732201127364886,0.05967780202627182,2
bioasq_train,bioasq13b_56af7b820a360a5e45000014,-0.0,0.035649094730615616,1
bioasq_train,bioasq13b_5709f646cf1c325851000021,-0.0,0.036566268652677536,1
bioasq_train,bioasq13b_5509ba931180f13250000001,0.38997287335391506,0.1533098816871643,3
bioasq_train,bioasq13b_5325a1a69b2d7acc7e000025,-0.0,0.007152909878641367,1
bioasq_train,bioasq13b_54f1e4d0c409818c32000002,-0.0,0.015707185491919518,1
bioasq_train,bioasq13b_56bf5b0cef6e394741000014,-0.0,0.03723214194178581,1
bioasq_train,bioasq13b_56c3104c50c68dd416000001,-0.0,0.008370512165129185,1
bioasq_train,bioasq13b_56c07ef5ef6e394741000023,0.30102999566398114,0.07520781457424164,2
bioasq_train,bioasq13b_52f89a002059c6d71c00004c,-0.0,0.02515900880098343,1
bioasq_train,bioasq13b_56c1f033ef6e39474100004f,-0.0,0.05280940979719162,1
bioasq_train,bioasq13b_54cf42bdf693c3b16b000007,-0.0,0.02441682294011116,1
bioasq_train,bioasq13b_530f7d7fe3eabad021000002,-0.0,0.022361071780323982,1
bioasq_train,bioasq13b_5544da8f5beec11c10000004,-0.0,0.009914607740938663,1
bioasq_train,bioasq13b_56ebee26107309bc2f000002,-0.0,0.04999149218201637,1
bioasq_train,bioasq13b_52f7c91f2059c6d71c00002e,-0.0,0.0085557596758008,1
bioasq_train,bioasq13b_54d7b457e19bba8909000004,-0.0,0.002754680346697569,1
bioasq_train,bioasq13b_54dfce9b1388e8454a00000b,-0.0,0.04163534939289093,1
bioasq_train,bioasq13b_553ba7b7f321868558000006,-0.0,0.022856486961245537,1
bioasq_train,bioasq13b_532f05a5d6d3ac6a34000025,-0.0,0.043636854737997055,1
bioasq_train,bioasq13b_553c8fd1f32186855800000a,-0.0,0.045245397835969925,1
bioasq_train,bioasq13b_57092f9bcf1c32585100001b,-0.0,0.04851335287094116,1
bioasq_train,bioasq13b_553a761cf321868558000001,-0.0,0.02859741821885109,1
bioasq_train,bioasq13b_54edf1ee94afd6150400000f,-0.0,0.012152091600000858,1
bioasq_train,bioasq13b_571f356f0fd6f91b68000006,-0.0,0.016157682985067368,1
bioasq_train,bioasq13b_56bce51cd36b5da37800000a,0.2652949955741215,0.07973912358283997,2
bioasq_train,bioasq13b_5324d12b9b2d7acc7e000024,-0.0,0.008425440639257431,1
bioasq_train,bioasq13b_5319a83bb166e2b80600002c,-0.0,0.0770556628704071,1
bioasq_train,bioasq13b_52ed27c098d0239505000030,-0.0,0.015557757578790188,1
bioasq_train,bioasq13b_551af9106b348bb82c000002,-0.0,0.027953246608376503,1
bioasq_train,bioasq13b_54edeb4394afd6150400000b,-0.0,0.03684408962726593,1
bioasq_train,bioasq13b_52f1287d2059c6d71c000008,-0.0,0.02376231923699379,1
bioasq_train,bioasq13b_550889db098a1b487b000005,-0.0,0.002875175792723894,1
bioasq_train,bioasq13b_554500065beec11c1000000b,-0.0,0.021821895614266396,1
bioasq_train,bioasq13b_56d03a4d3975bb303a00000c,-0.0,0.0110414307564497,1
bioasq_train,bioasq13b_5539062dbc4f83e828000013,-0.0,0.0037890977691859007,1
bioasq_train,bioasq13b_54f616cd5f206a0c0600000c,-0.0,0.010873885825276375,1
bioasq_train,bioasq13b_56c5ade15795f9a73e000003,-0.0,0.042132697999477386,1
bioasq_train,bioasq13b_56f157a52ac5ed1459000011,-0.0,0.05015251785516739,1
bioasq_train,bioasq13b_56cafca85795f9a73e000030,-0.0,0.02769828401505947,1
bioasq_train,bioasq13b_532ad531d6d3ac6a34000013,-0.0,0.03476602956652641,1
bioasq_train,bioasq13b_57092635cf1c325851000019,-0.0,0.039307110011577606,1
bioasq_train,bioasq13b_56cd765b5795f9a73e000038,-0.0,0.04309076443314552,1
bioasq_train,bioasq13b_5509ce9ec2af5d5b70000001,-0.0,0.03743673861026764,1
bioasq_train,bioasq13b_56d12d643975bb303a000014,-0.0,0.0097994115203619,1
bioasq_train,bioasq13b_5319a73cb166e2b806000026,-0.0,0.01767989993095398,1
bioasq_train,bioasq13b_54d776453706e89528000018,-0.0,0.036305539309978485,1
bioasq_train,bioasq13b_534289851eccfd0633000001,-0.0,0.01588694006204605,1
bioasq_train,bioasq13b_52f124a12059c6d71c000006,-0.0,0.05710602179169655,1
bioasq_train,bioasq13b_587f57f692a5b8ad44000002,-0.0,0.032846953719854355,1
bioasq_train,bioasq13b_5881f0f1713cbdfd3d000004,-0.0,0.03374023362994194,1
bioasq_train,bioasq13b_58a5d7ef60087bc10a000026,-0.0,0.014718197286128998,1
bioasq_train,bioasq13b_58a874c338c171fb5b000003,-0.0,0.023166349157691002,1
bioasq_train,bioasq13b_58a3160d60087bc10a00000a,-0.0,0.018013112246990204,1
bioasq_train,bioasq13b_58837dd72305cd7e21000003,-0.0,0.011032182723283768,1
bioasq_train,bioasq13b_58962dac78275d0c4a000005,-0.0,0.00240573612973094,1
bioasq_train,bioasq13b_58a3261e60087bc10a00000c,-0.0,0.022704368457198143,1
bioasq_train,bioasq13b_5889f0ed3b87a8a73800000c,-0.0,0.005809243302792311,1
bioasq_train,bioasq13b_5880acbb0a76a87357000003,-0.0,0.0163847878575325,1
bioasq_train,bioasq13b_58a989571978bbde22000002,-0.0,0.04411369562149048,1
bioasq_train,bioasq13b_589afa6978275d0c4a000039,-0.0,0.04173688963055611,1
bioasq_train,bioasq13b_58a5d54860087bc10a000025,-0.0,0.02247774414718151,1
bioasq_train,bioasq13b_5895fc7e78275d0c4a000003,-0.0,0.016010940074920654,1
bioasq_train,bioasq13b_587e42032420191125000004,-0.0,0.008826124481856823,1
bioasq_train,bioasq13b_58a5723c60087bc10a00001e,-0.0,0.008181361481547356,1
bioasq_train,bioasq13b_58a3264e60087bc10a00000d,0.30102999566398114,0.07609030604362488,2
bioasq_train,bioasq13b_58a0f95c78275d0c4a000055,-0.0,0.005159586202353239,1
bioasq_train,bioasq13b_5883868b2305cd7e21000005,-0.0,0.015539447776973248,1
bioasq_train,bioasq13b_58a3423e60087bc10a000019,-0.0,0.007815060205757618,1
bioasq_train,bioasq13b_5895b9ae7d9090f35300000a,-0.0,0.019511837512254715,1
bioasq_train,bioasq13b_589c8ef878275d0c4a000042,-0.0,0.03099304810166359,1
bioasq_train,bioasq13b_58a9d3cd396a458e50000004,-0.0,0.009075954556465149,1
bioasq_train,bioasq13b_587d3873ae41fa4569000002,-0.0,0.021424518898129463,1
bioasq_train,bioasq13b_587f857b8ce3255b64000001,-0.0,0.010812430642545223,1
bioasq_train,bioasq13b_58a8a51b7f77222767000001,-0.0,0.016788946464657784,1
bioasq_train,bioasq13b_58a9cd03396a458e50000003,-0.0,0.006609332747757435,1
bioasq_train,bioasq13b_587e2a0cc32c812009000001,-0.0,0.007232393138110638,1
bioasq_train,bioasq13b_58a3275960087bc10a00000f,-0.0,0.01596696302294731,1
bioasq_train,bioasq13b_589ae59c78275d0c4a000036,-0.0,0.01560127455741167,1
bioasq_train,bioasq13b_58a2ccec60087bc10a000003,-0.0,0.005137116182595491,1
bioasq_train,bioasq13b_588533cee56acf5176000014,-0.0,0.020738091319799423,1
bioasq_train,bioasq13b_589a246578275d0c4a00002e,-0.0,0.012310119345784187,1
bioasq_train,bioasq13b_58b6a42522d300530900000b,-0.0,0.016340024769306183,1
bioasq_train,bioasq13b_58a87bd338c171fb5b000005,-0.0,3.7087335869046e-08,1
bioasq_train,bioasq13b_5895db407d9090f35300000e,-0.0,0.014853429980576038,1
bioasq_train,bioasq13b_58b576b622d3005309000008,-0.0,0.03089670091867447,1
bioasq_train,bioasq13b_58bc8e5002b8c60953000006,-0.0,0.0027883953880518675,1
bioasq_train,bioasq13b_588800f43b87a8a738000009,-0.0,0.0003554450231604278,1
bioasq_train,bioasq13b_58bca3eb02b8c6095300000d,-0.0,0.0010405685752630234,1
bioasq_train,bioasq13b_587d36ab859bf79568000001,-0.0,0.01321869995445013,1
bioasq_train,bioasq13b_58848822e56acf517600000c,-0.0,0.058274898678064346,1
bioasq_train,bioasq13b_58bcb83d02b8c6095300000f,-0.0,0.004575452767312527,1
bioasq_train,bioasq13b_58b95ea222d3005309000011,-0.0,0.022939899936318398,1
bioasq_train,bioasq13b_58a1c6b678275d0c4a000057,0.29228525323862886,0.07969736307859421,2
bioasq_train,bioasq13b_58bc640002b8c60953000003,-0.0,0.014747493900358677,1
bioasq_train,bioasq13b_5895ee638707e6ea39000001,-0.0,0.0022645089775323868,1
bioasq_train,bioasq13b_58bbbf3722d300530900001b,-0.0,0.013180864974856377,1
bioasq_train,bioasq13b_58bbb64422d3005309000014,-0.0,0.012380204163491726,1
bioasq_train,bioasq13b_589af57a78275d0c4a000038,-0.0,0.016157515347003937,1
bioasq_train,bioasq13b_58a22eb460087bc10a000001,-0.0,0.00972689688205719,1
bioasq_train,bioasq13b_58b558d522d3005309000006,-0.0,0.05006689950823784,1
bioasq_train,bioasq13b_5895e2567d9090f353000011,-0.0,0.013100686483085155,1
bioasq_train,bioasq13b_58bc696b02b8c60953000005,-0.0,0.015646345913410187,1
bioasq_train,bioasq13b_58a327bf60087bc10a000011,-0.0,0.029072292149066925,1
bioasq_train,bioasq13b_58bc9dbb02b8c60953000009,-0.0,0.039084237068891525,1
bioasq_train,bioasq13b_588f365194c1512c50000003,-0.0,0.003513950854539871,1
bioasq_train,bioasq13b_58ca746d02b8c6095300002d,-0.0,0.028827471658587456,1
bioasq_train,bioasq13b_58861f8b3b87a8a738000003,-0.0,0.02095792628824711,1
bioasq_train,bioasq13b_58ab1e19396a458e5000000f,0.2652949955741215,0.058403242379426956,2
bioasq_train,bioasq13b_5896381a78275d0c4a00000a,-0.0,0.006389584857970476,1
bioasq_train,bioasq13b_58cdb38f02b8c60953000041,-0.0,0.007761971093714237,1
bioasq_train,bioasq13b_58cd729502b8c6095300003d,-0.0,0.026953577995300293,1
bioasq_train,bioasq13b_58ab1f209ef3c34033000001,-0.0,0.040696535259485245,1
bioasq_train,bioasq13b_58c66a4b02b8c60953000025,0.2775280104064451,0.06201360374689102,3
bioasq_train,bioasq13b_58bd6c5802b8c60953000012,-0.0,0.021312056109309196,1
bioasq_train,bioasq13b_588f9756ed9bbee70d000001,-0.0,0.0040742093697190285,1
bioasq_train,bioasq13b_589a245e78275d0c4a000029,-0.0,0.025245439261198044,1
bioasq_train,bioasq13b_58d4d7578acda34529000007,-0.0,0.03583325445652008,1
bioasq_train,bioasq13b_58cbf1f402b8c60953000036,-0.0,0.017836201936006546,1
bioasq_train,bioasq13b_587f60f892a5b8ad44000004,-0.0,0.016585202887654305,1
bioasq_train,bioasq13b_589a246778275d0c4a00002f,-0.0,0.0010696516837924719,1
bioasq_train,bioasq13b_58c2556302b8c6095300001f,-0.0,0.000678027980029583,1
bioasq_train,bioasq13b_5890f4ab621ea6ff7e000008,-0.0,0.03767255321145058,1
bioasq_train,bioasq13b_58cd633c02b8c6095300003a,-0.0,0.008025074377655983,1
bioasq_train,bioasq13b_58cdbaf302b8c60953000044,-0.0,0.05271349102258682,1
bioasq_train,bioasq13b_589474467d9090f353000006,-0.0,0.008753711357712746,1
bioasq_train,bioasq13b_5891c754621ea6ff7e000011,-0.0,0.011072682216763496,1
bioasq_train,bioasq13b_5890dcba621ea6ff7e000003,-0.0,0.009004338644444942,1
bioasq_train,bioasq13b_58cea0768acda34529000001,-0.0,0.020840147510170937,1
bioasq_train,bioasq13b_58cb305c02b8c60953000032,-0.0,0.018814554437994957,1
bioasq_train,bioasq13b_58ca5cba02b8c6095300002b,-0.0,0.02015845477581024,1
bioasq_train,bioasq13b_58e115d66fddd3e83e00000a,-0.0,0.007385388948023319,1
bioasq_train,bioasq13b_58d90b968acda3452900000e,-0.0,0.027261070907115936,1
bioasq_train,bioasq13b_58e12ea66fddd3e83e00000e,-0.0,0.0357830636203289,1
bioasq_train,bioasq13b_58c67bf302b8c60953000026,-0.0,0.01642516627907753,1
bioasq_train,bioasq13b_58837ba62305cd7e21000002,-0.0,0.04253203421831131,1
bioasq_train,bioasq13b_58d388958acda34529000006,-0.0,0.013175029307603836,1
bioasq_train,bioasq13b_588f9b7eed9bbee70d000003,-0.0,0.02536240592598915,1
bioasq_train,bioasq13b_589a246a78275d0c4a000031,-0.0,0.03698822110891342,1
bioasq_train,bioasq13b_58dc2c698acda3452900001f,-0.0,0.0032359042670577765,1
bioasq_train,bioasq13b_58e2467a6fddd3e83e000012,-0.0,0.022667717188596725,1
bioasq_train,bioasq13b_587d016ed673c3eb14000002,-0.0,0.012361805886030197,1
bioasq_train,bioasq13b_58dff3f06fddd3e83e000007,-0.0,0.0031062429770827293,1
bioasq_train,bioasq13b_588fd7cded9bbee70d000009,-0.0,0.00991925410926342,1
bioasq_train,bioasq13b_58af14ae717cd3f655000001,0.29228525323862886,0.08041560649871826,2
bioasq_train,bioasq13b_58d131218acda34529000005,-0.0,0.0532023049890995,1
bioasq_train,bioasq13b_58cdbbd102b8c60953000045,-0.0,0.05848299711942673,1
bioasq_train,bioasq13b_58e2651c6fddd3e83e000013,-0.0,0.005575037095695734,1
bioasq_train,bioasq13b_587d13c0d673c3eb14000004,-0.0,0.004657162353396416,1
bioasq_train,bioasq13b_588623153b87a8a738000006,-0.0,0.013232074677944183,1
bioasq_train,bioasq13b_58af11e67125859353000001,-0.0,0.028574688360095024,1
bioasq_train,bioasq13b_58965c5578275d0c4a00000f,-0.0,0.0027961016166955233,1
bioasq_train,bioasq13b_58946d6e7d9090f353000005,-0.0,0.004705222323536873,1
bioasq_train,bioasq13b_588fa24fed9bbee70d000005,-0.0,0.011669627390801907,1
bioasq_train,bioasq13b_58dd0c608acda34529000026,-0.0,0.016284653916954994,1
bioasq_train,bioasq13b_58efa66070f9fc6f0f000005,-0.0,0.06466846913099289,1
bioasq_train,bioasq13b_58ea521d3e8b6dc87c00000f,0.30102999566398114,0.06486429274082184,2
bioasq_train,bioasq13b_58eb984aeda5a57672000008,-0.0,0.01825466752052307,1
bioasq_train,bioasq13b_5880a46d3d0145644d000001,-0.0,0.007967865094542503,1
bioasq_train,bioasq13b_58ea6c3eeda5a57672000001,-0.0,0.004059283062815666,1
bioasq_train,bioasq13b_58815f26713cbdfd3d000002,-0.0,0.06325968354940414,1
bioasq_train,bioasq13b_58f3c8f470f9fc6f0f00000c,-0.0,0.008214880712330341,1
bioasq_train,bioasq13b_5891c2e7621ea6ff7e00000f,-0.0,0.031240860000252724,1
bioasq_train,bioasq13b_58dcd0338acda34529000022,-0.0,0.05348511412739754,1
bioasq_train,bioasq13b_5880b036c872c95565000002,-0.0,0.014019103720784187,1
bioasq_train,bioasq13b_58f4c09f70f9fc6f0f000017,-0.0,2.35067473113304e-05,1
bioasq_train,bioasq13b_58f4b3ee70f9fc6f0f000013,-0.0,0.02897273749113083,1
bioasq_train,bioasq13b_58edfaf4eda5a57672000012,-0.0,0.006672896444797516,1
bioasq_train,bioasq13b_5916f14070f9fc6f0f00001f,-0.0,0.03965618461370468,1
bioasq_train,bioasq13b_59d09a0cbc32f93e6d000001,-0.0,0.0031506246887147427,1
bioasq_train,bioasq13b_5a7345792dc08e987e000019,-0.0,0.016890717670321465,1
bioasq_train,bioasq13b_5a6e3299b750ff4455000040,-0.0,0.004158063791692257,1
bioasq_train,bioasq13b_5a855585faa1ab7d2e000029,-0.0,0.020765257999300957,1
bioasq_train,bioasq13b_5a82fc89faa1ab7d2e000028,-0.0,0.02095460705459118,1
bioasq_train,bioasq13b_58ee217feda5a57672000015,0.14118174150460758,0.045353587716817856,2
bioasq_train,bioasq13b_5a859184faa1ab7d2e000031,-0.0,0.0374695360660553,1
bioasq_train,bioasq13b_5a774240faa1ab7d2e000003,-0.0,0.03105415217578411,1
bioasq_train,bioasq13b_5a87e95461bb38fb2400000c,-0.0,0.022497110068798065,1
bioasq_train,bioasq13b_5a6f8baeb750ff4455000057,-0.0,0.0012470284709706903,1
bioasq_train,bioasq13b_5a886da58cb19eca6b000004,-0.0,0.0528981015086174,1
bioasq_train,bioasq13b_5a43a933966455904c00000b,0.21732201127364886,0.07282572984695435,2
bioasq_train,bioasq13b_5a003e0a966455904c000001,-0.0,0.04735643416643143,1
bioasq_train,bioasq13b_58ede257eda5a57672000010,-0.0,0.04193795099854469,1
bioasq_train,bioasq13b_5a76039b83b0d9ea66000010,-0.0,0.03544648736715317,1
bioasq_train,bioasq13b_5a6e5df6b750ff445500004e,-0.0,0.0009157154127024114,1
bioasq_train,bioasq13b_5a37df1c966455904c000004,-0.0,0.04348663613200188,1
bioasq_train,bioasq13b_5a774585faa1ab7d2e000005,-0.0,0.02087259292602539,1
bioasq_train,bioasq13b_5a74e6eb0384be9551000009,-0.0,0.009052627719938755,1
bioasq_train,bioasq13b_5a897729fcd1d6a10c000009,-0.0,8.477105239990124e-08,1
bioasq_train,bioasq13b_5a774431faa1ab7d2e000004,-0.0,0.015223635360598564,1
bioasq_train,bioasq13b_5a67c8c4b750ff4455000013,-0.0,0.009030950255692005,1
bioasq_train,bioasq13b_5a7d535ffaa1ab7d2e000018,-0.0,0.0240347757935524,1
bioasq_train,bioasq13b_5a76dd749e632bc066000008,-0.0,0.006877705920487642,1
bioasq_train,bioasq13b_5a760a4183b0d9ea66000016,-0.0,0.00046398374252021313,1
bioasq_train,bioasq13b_5a6e1db0b750ff4455000039,-0.0,0.011324014514684677,1
bioasq_train,bioasq13b_5a74d9980384be9551000008,-0.0,0.01686137355864048,1
bioasq_train,bioasq13b_5a8aa253fcd1d6a10c00001b,-0.0,0.014864773489534855,1
bioasq_train,bioasq13b_5a895a96fcd1d6a10c000003,0.38997287335391506,0.10022271424531937,3
bioasq_train,bioasq13b_5a89528dfcd1d6a10c000001,-0.0,2.1600722902803682e-05,1
bioasq_train,bioasq13b_5a6d13fbb750ff445500002f,-0.0,0.03611528128385544,1
bioasq_train,bioasq13b_5a87124561bb38fb24000001,-0.0,0.01730574481189251,1
bioasq_train,bioasq13b_5a7361d83b9d13c708000005,-0.0,0.005890935193747282,1
bioasq_train,bioasq13b_5a67b152b750ff445500000e,-0.0,0.017534403130412102,1
bioasq_train,bioasq13b_5a6f8dc6b750ff4455000058,0.21732201127364886,0.06773386895656586,2
bioasq_train,bioasq13b_5a7610ca83b0d9ea6600001b,-0.0,0.03284395486116409,1
bioasq_train,bioasq13b_5a7602be83b0d9ea6600000f,-0.0,0.039087023586034775,1
bioasq_train,bioasq13b_5a6e4592b750ff4455000047,-0.0,0.0018430259078741074,1
bioasq_train,bioasq13b_5a6a7869b750ff4455000028,-0.0,0.012005256488919258,1
bioasq_train,bioasq13b_5a6cfe27b750ff4455000029,-0.0,0.009106389246881008,1
bioasq_train,bioasq13b_5a6fa417b750ff445500005f,-0.0,0.04463271051645279,1
bioasq_train,bioasq13b_5a87140a61bb38fb24000003,-0.0,0.0019276565872132778,1
bioasq_train,bioasq13b_5a77072c9e632bc06600000a,-0.0,0.004360250663012266,1
bioasq_train,bioasq13b_5a897601fcd1d6a10c000008,-0.0,0.047648992389440536,1
bioasq_train,bioasq13b_5a6f940bb750ff445500005a,-0.0,0.011081283912062645,1
bioasq_train,bioasq13b_5aa4f47cd6d6b54f7900000a,-0.0,0.05931827798485756,1
bioasq_train,bioasq13b_5a9924ea1d1251d03b000008,-0.0,0.011315257288515568,1
bioasq_train,bioasq13b_5a9d7caa1d1251d03b00001e,-0.0,0.02585710771381855,1
bioasq_train,bioasq13b_5aa38f75d6d6b54f79000005,-0.0,0.0038298526778817177,1
bioasq_train,bioasq13b_5a9929ed1d1251d03b000009,-0.0,0.008629284799098969,1
bioasq_train,bioasq13b_5a775182faa1ab7d2e000009,-0.0,0.003954847808927298,1
bioasq_train,bioasq13b_5aa0495bd6d6b54f79000002,-0.0,0.0037929839454591274,1
bioasq_train,bioasq13b_5aacd83ffcf4565872000008,-0.0,0.014058266766369343,1
bioasq_train,bioasq13b_5a9d8ffe1d1251d03b000022,-0.0,0.013036901131272316,1
bioasq_train,bioasq13b_5aad547efcf456587200000b,-0.0,0.015308014117181301,1
bioasq_train,bioasq13b_5aa393b3d6d6b54f79000006,-0.0,7.549921576810448e-08,1
bioasq_train,bioasq13b_5aa82388fcf4565872000001,-0.0,0.026182638481259346,1
bioasq_train,bioasq13b_5a76420c9e632bc066000007,-0.0,0.010104415006935596,1
bioasq_train,bioasq13b_5a9d2a8f1d1251d03b000019,-0.0,0.00014313326391857117,1
bioasq_train,bioasq13b_5a9acc7b1d1251d03b000015,-0.0,1.5099843153620895e-07,1
bioasq_train,bioasq13b_5a7376e33b9d13c708000009,-0.0,0.012722103856503963,1
bioasq_train,bioasq13b_5ab908d4fcf456587200001a,-0.0,0.0015963607002049685,1
bioasq_train,bioasq13b_5ad3aa47133db5eb78000004,-0.0,0.006690286099910736,1
bioasq_train,bioasq13b_5ace3e3f0340b9f058000012,-0.0,0.032733526080846786,1
bioasq_train,bioasq13b_5ab9050bfcf4565872000019,-0.0,0.003650967264547944,1
bioasq_train,bioasq13b_5ad4f4f5133db5eb7800000a,-0.0,0.020263899117708206,1
bioasq_train,bioasq13b_5ac28c0c95d006272400000a,-0.0,0.006098853424191475,1
bioasq_train,bioasq13b_5abc9157fcf456587200001e,-0.0,0.045375797897577286,1
bioasq_train,bioasq13b_5aa67b4fd6d6b54f7900000f,-0.0,0.0504080131649971,1
bioasq_train,bioasq13b_5abc9c1efcf4565872000020,0.34822537285722394,0.11004515737295151,3
bioasq_train,bioasq13b_5ab8fb5bfcf4565872000017,-0.0,0.0075419251807034016,1
bioasq_train,bioasq13b_5abd31e0fcf456587200002c,-0.0,0.008135168813169003,1
bioasq_train,bioasq13b_5aae651ffcf456587200000d,-0.0,0.031197018921375275,1
bioasq_train,bioasq13b_5abcf6b9fcf4565872000027,-0.0,0.03440989553928375,1
bioasq_train,bioasq13b_5ac0fccf19833b0d7b000007,-0.0,0.011069194413721561,1
bioasq_train,bioasq13b_5abcf108fcf4565872000025,-0.0,0.0035907241981476545,1
bioasq_train,bioasq13b_5ace2d600340b9f05800000e,0.40843137199002016,0.11236993968486786,4
bioasq_train,bioasq13b_5ac08478d0c506ce46000002,-0.0,0.014246251434087753,1
bioasq_train,bioasq13b_5a9da37e4e03427e73000004,-0.0,0.014778771437704563,1
bioasq_train,bioasq13b_5c5207377e3cb0e231000002,-0.0,0.0044511291198432446,1
bioasq_train,bioasq13b_5ad3130c0340b9f05800001d,-0.0,0.013713677413761616,1
bioasq_train,bioasq13b_5c522b487e3cb0e231000008,-0.0,0.030796784907579422,1
bioasq_train,bioasq13b_5be94c90133db5eb78000021,-0.0,0.0026476753409951925,1
bioasq_train,bioasq13b_5c34b45eda8336e21a000008,-0.0,0.024323588237166405,1
bioasq_train,bioasq13b_5c597a5086df2b9174000016,-0.0,0.0003087798831984401,1
bioasq_train,bioasq13b_5c53242b7e3cb0e231000019,-0.0,0.01328036654740572,1
bioasq_train,bioasq13b_5c52ca7c7e3cb0e23100000d,-0.0,0.048637550324201584,1
bioasq_train,bioasq13b_5c3479dcda8336e21a000002,-0.0,0.008646870031952858,1
bioasq_train,bioasq13b_5c54496907647bbc4b000002,-0.0,0.007286810781806707,1
bioasq_train,bioasq13b_5c5f0d861a4c55d80b000011,-0.0,0.054585181176662445,1
bioasq_train,bioasq13b_5c58a92386df2b917400000e,-0.0,0.01335702184587717,1
bioasq_train,bioasq13b_5c54600207647bbc4b000004,-0.0,0.005355387460440397,1
bioasq_train,bioasq13b_5ad3072a0340b9f05800001b,-0.0,0.009833038784563541,1
bioasq_train,bioasq13b_5c76e20f7c78d694710000ab,-0.0,0.010037013329565525,1
bioasq_train,bioasq13b_5c70001f7c78d6947100005c,-0.0,0.0036898984108120203,1
bioasq_train,bioasq13b_5c76d31c7c78d694710000a9,0.29228525323862886,0.06747251749038696,2
bioasq_train,bioasq13b_5c6585097c78d69471000003,-0.0,0.040199603885412216,1
bioasq_train,bioasq13b_5c66d6167c78d69471000018,-0.0,0.007188665680587292,1
bioasq_train,bioasq13b_5c6636c57c78d69471000011,-0.0,0.039179008454084396,1
bioasq_train,bioasq13b_5c6ffde47c78d69471000059,-0.0,0.011998731642961502,1
bioasq_train,bioasq13b_5c6548d4e842deac67000020,-0.0,0.0019343389431014657,1
bioasq_train,bioasq13b_5c654aede842deac67000023,-0.0,0.0002795842010527849,1
bioasq_train,bioasq13b_5c5f18501a4c55d80b000017,-0.0,0.017431285232305527,1
bioasq_train,bioasq13b_5c5f218a1a4c55d80b00001b,-0.0,0.01321694441139698,1
bioasq_train,bioasq13b_5c5245b57e3cb0e23100000a,-0.0,0.03156484663486481,1
bioasq_train,bioasq13b_5c66329e7c78d6947100000f,-0.0,0.0044854204170405865,1
bioasq_train,bioasq13b_5c6fff2e7c78d6947100005b,-0.0,0.02846003696322441,1
bioasq_train,bioasq13b_5c011bbf133db5eb7800002c,0.14118174150460758,0.08375664800405502,2
bioasq_train,bioasq13b_5c66d3977c78d69471000017,-0.0,0.001109299366362393,1
bioasq_train,bioasq13b_5c60382ac01990ff41000002,0.14118174150460758,0.027077792212367058,2
bioasq_train,bioasq13b_5c780caf7c78d694710000af,-0.0,0.005143246613442898,1
bioasq_train,bioasq13b_5c5f2d5a1a4c55d80b000023,-0.0,0.025017498061060905,1
bioasq_train,bioasq13b_5c5410647e3cb0e23100001e,-0.0,0.0028246999718248844,1
bioasq_train,bioasq13b_5c6bedd57c78d69471000034,-0.0,0.0034632603637874126,1
bioasq_train,bioasq13b_5c6ffc5b7c78d69471000057,-0.0,0.011718595400452614,1
bioasq_train,bioasq13b_5c58db1386df2b9174000014,-0.0,0.0432184636592865,1
bioasq_train,bioasq13b_5c53143b7e3cb0e231000013,-0.0,0.022500766441226006,1
bioasq_train,bioasq13b_5c5317e77e3cb0e231000015,-0.0,0.028930891305208206,1
bioasq_train,bioasq13b_5c72b4897c78d69471000071,0.21732201127364886,0.05265793204307556,2
bioasq_train,bioasq13b_5c8436f875a4a5d219000002,-0.0,0.03914358466863632,1
bioasq_train,bioasq13b_5c88593d75a4a5d21900000a,-0.0,0.007940534502267838,1
bioasq_train,bioasq13b_5c83ff91617e120c34000005,-0.0,0.03293655812740326,1
bioasq_train,bioasq13b_5c642fbce842deac67000014,-0.0,0.010809211060404778,1
bioasq_train,bioasq13b_5c8962e8d558e5f232000001,-0.0,0.009911958128213882,1
bioasq_train,bioasq13b_5c8d0a980101eac870000008,-0.0,0.024866774678230286,1
bioasq_train,bioasq13b_5c84394375a4a5d219000003,-0.0,0.03170318156480789,1
bioasq_train,bioasq13b_5c8feae70101eac87000000e,-0.0,0.0,1
bioasq_train,bioasq13b_5c928303ecadf2e73f000014,-0.0,0.004690477624535561,1
bioasq_train,bioasq13b_5c72bfcd7c78d6947100007a,-0.0,0.0014739102916792035,1
bioasq_train,bioasq13b_5c900a9becadf2e73f000003,-0.0,7.549921576810448e-08,1
bioasq_train,bioasq13b_5c910813ecadf2e73f000006,-0.0,0.013231409713625908,1
bioasq_train,bioasq13b_5c915ca7ecadf2e73f00000b,-0.0,0.0006665454711765051,1
bioasq_train,bioasq13b_5ca60a77ecadf2e73f00004d,-0.0,0.009057734161615372,1
bioasq_train,bioasq13b_5c88b8a275a4a5d21900000b,-0.0,0.01657569780945778,1
bioasq_train,bioasq13b_5ca9f5e4ecadf2e73f000052,-0.0,0.04435976222157478,1
bioasq_train,bioasq13b_5c895e5ef9c2ba6b28000002,-0.0,0.013535371981561184,1
bioasq_train,bioasq13b_5c960afaecadf2e73f00001e,-0.0,0.009582689963281155,1
bioasq_train,bioasq13b_5c978924ecadf2e73f000023,-0.0,0.03997281566262245,1
bioasq_train,bioasq13b_5c8960a6f9c2ba6b28000003,-0.0,0.0032159911934286356,1
bioasq_train,bioasq13b_5c896ce0d558e5f232000002,-0.0,0.0019816849380731583,1
bioasq_train,bioasq13b_5c8a8f56d558e5f23200000b,-0.0,0.016914885491132736,1
bioasq_train,bioasq13b_5c98fcf0ecadf2e73f00002c,-0.0,0.050421252846717834,1
bioasq_train,bioasq13b_5ca9f932ecadf2e73f000054,-0.0,0.0026385399978607893,1
bioasq_train,bioasq13b_5ca3bfd7ecadf2e73f00004b,-0.0,0.01463174819946289,1
bioasq_train,bioasq13b_5c922bc3ecadf2e73f000013,-0.0,1.48349343476184e-07,1
bioasq_train,bioasq13b_5c9d170cecadf2e73f000032,-0.0,0.014214280992746353,1
bioasq_train,bioasq13b_5c9fb2aaecadf2e73f00003f,-0.0,0.0037652691826224327,1
bioasq_train,bioasq13b_5e7f5eaa835f4e4777000018,-0.0,0.008854454383254051,1
bioasq_train,bioasq13b_5e6ea5b9c6a8763d23000008,-0.0,0.03976738080382347,1
bioasq_train,bioasq13b_5d386d66a1e1595105000003,-0.0,0.006768459919840097,1
bioasq_train,bioasq13b_5e776c98835f4e477700000f,-0.0,0.022940656170248985,1
bioasq_train,bioasq13b_5e6de9441af46fc130000023,-0.0,0.04410785436630249,1
bioasq_train,bioasq13b_5d36c0e37bc3fee31f00000b,-0.0,0.04009658843278885,1
bioasq_train,bioasq13b_5e37183cb5b409ea53000014,-0.0,0.0379311628639698,1
bioasq_train,bioasq13b_5d3840257bc3fee31f000011,-0.0,0.04610813409090042,1
bioasq_train,bioasq13b_5e81d6c6835f4e4777000030,-0.0,0.026634177193045616,1
bioasq_train,bioasq13b_5d3802a27bc3fee31f00000e,-0.0,0.05505494028329849,1
bioasq_train,bioasq13b_5e3e8b1c48dab47f26000008,-0.0,0.01667156256735325,1
bioasq_train,bioasq13b_5d38542b7bc3fee31f000015,-0.0,0.015695257112383842,1
bioasq_train,bioasq13b_5d383af27bc3fee31f000010,0.14118174150460758,0.05285560339689255,2
bioasq_train,bioasq13b_5e80669e835f4e4777000025,0.14118174150460758,0.028673138469457626,2
bioasq_train,bioasq13b_5e774660835f4e4777000007,-0.0,0.002223273040726781,1
bioasq_train,bioasq13b_5e6e767e51b80c9423000006,-0.0,0.014990000054240227,1
bioasq_train,bioasq13b_5e3c83c548dab47f26000001,-0.0,0.0011041747638955712,1
bioasq_train,bioasq13b_5e807578835f4e4777000028,-0.0,0.022010479122400284,1
bioasq_train,bioasq13b_5e7f5f1a835f4e4777000019,-0.0,0.00497967004776001,1
bioasq_train,bioasq13b_5d387e24a1e1595105000011,-0.0,0.01431775651872158,1
bioasq_train,bioasq13b_5e81cb50835f4e477700002f,-0.0,0.020116472616791725,1
bioasq_train,bioasq13b_5d3880eea1e1595105000014,-0.0,0.0201119277626276,1
bioasq_train,bioasq13b_5e7f6138835f4e477700001b,-0.0,0.012272143736481667,1
bioasq_train,bioasq13b_5e6e9348c6a8763d23000005,-0.0,0.0028254773933440447,1
bioasq_train,bioasq13b_5d3858a97bc3fee31f000018,-0.0,0.0005082448478788137,1
bioasq_train,bioasq13b_5e543704b761aafe09000001,-0.0,0.007083056960254908,1
bioasq_train,bioasq13b_5e7f61ed835f4e477700001c,-0.0,0.033469561487436295,1
bioasq_train,bioasq13b_5d387e74a1e1595105000012,-0.0,0.04563532769680023,1
bioasq_train,bioasq13b_5cf7835fa49efeb44c000011,-0.0,0.0551169253885746,1
bioasq_train,bioasq13b_5e36dbdbb5b409ea5300000c,-0.0,0.009959515184164047,1
bioasq_train,bioasq13b_5d3883a0a1e1595105000017,-0.0,0.06794971227645874,1
bioasq_train,bioasq13b_5e4705753f54159529000017,0.2652949955741215,0.07787152379751205,2
bioasq_train,bioasq13b_5cf4eb6aa49efeb44c00000e,-0.0,0.010679692961275578,1
bioasq_train,bioasq13b_5cf619a8a49efeb44c000010,-0.0,0.0140572814270854,1
bioasq_train,bioasq13b_5e2dbe17fbd6abf43b000019,-0.0,0.011137912049889565,1
bioasq_train,bioasq13b_5e2dc047fbd6abf43b00001b,-0.0,0.03636981546878815,1
bioasq_train,bioasq13b_5cebe907a49efeb44c000008,-0.0,0.05368665233254433,1
bioasq_train,bioasq13b_5e2dfb52fbd6abf43b00001e,-0.0,0.018502576276659966,1
bioasq_train,bioasq13b_5e4b4be26d0a27794100001a,-0.0,0.008777104318141937,1
bioasq_train,bioasq13b_5cf4ea83a49efeb44c00000d,-0.0,0.027488352730870247,1
bioasq_train,bioasq13b_5e49bcce6d0a27794100000f,-0.0,0.00931267999112606,1
bioasq_train,bioasq13b_5e36de90b5b409ea5300000e,-0.0,0.009207641705870628,1
bioasq_train,bioasq13b_5e5b9b96752ebcdc7a000005,-0.0,0.028861703351140022,1
bioasq_train,bioasq13b_5e4700e03f54159529000015,-0.0,0.03596466779708862,1
bioasq_train,bioasq13b_5e2db427fbd6abf43b000015,-0.0,0.0,1
bioasq_train,bioasq13b_5e482f08d14c9f295d00000d,-0.0,0.0,1
bioasq_train,bioasq13b_5e2dae57fbd6abf43b000012,-0.0,0.007520037237554789,1
bioasq_train,bioasq13b_5e2900368b3851296d000001,-0.0,0.0076822321861982346,1
bioasq_train,bioasq13b_5e48136dd14c9f295d000008,-0.0,0.029916323721408844,1
bioasq_train,bioasq13b_5e2a0a02aa19d7443100000b,-0.0,0.0009568294044584036,1
bioasq_train,bioasq13b_5e35c4ea9be68b5512000002,-0.0,0.006703923922032118,1
bioasq_train,bioasq13b_5e490d276d0a277941000001,-0.0,0.006807289086282253,1
bioasq_train,bioasq13b_5e48f90bf8b2df0d49000006,-0.0,8.690092363394797e-05,1
bioasq_train,bioasq13b_5e4981e96d0a277941000009,-0.0,0.03645133599638939,1
bioasq_train,bioasq13b_5c700c607c78d6947100005e,-0.0,0.03243495151400566,1
bioasq_train,bioasq13b_5e48339fd14c9f295d00000e,-0.0,0.03621340170502663,1
bioasq_train,bioasq13b_5cc0817da49efeb44c000002,-0.0,0.015625666826963425,1
bioasq_train,bioasq13b_5e2a120c76af173751000001,0.2652949955741215,0.054207805544137955,2
bioasq_train,bioasq13b_5e29fc57aa19d74431000006,-0.0,0.03342735394835472,1
bioasq_train,bioasq13b_5d35ef8a7bc3fee31f000002,-0.0,0.04024524614214897,1
bioasq_train,bioasq13b_5d35e114b3a638076300000c,-0.0,0.010130505077540874,1
bioasq_train,bioasq13b_5e76384fc6a8763d2300000e,-0.0,0.0002670791291166097,1
bioasq_train,bioasq13b_5e550b5db761aafe09000007,-0.0,0.016013499349355698,1
bioasq_train,bioasq13b_5d36b5087bc3fee31f000008,-0.0,0.021853627637028694,1
bioasq_train,bioasq13b_5d35ebe7b3a6380763000010,-0.0,0.03468316048383713,1
bioasq_train,bioasq13b_5e763366c6a8763d2300000b,-0.0,0.0002953780931420624,1
bioasq_train,bioasq13b_5e5d2b4c1af46fc130000008,-0.0,0.005326345097273588,1
bioasq_train,bioasq13b_5d35f07b7bc3fee31f000003,-0.0,0.040001753717660904,1
bioasq_train,bioasq13b_5e499e0a6d0a27794100000b,-0.0,0.0019892454147338867,1
bioasq_train,bioasq13b_5e550758b761aafe09000005,-0.0,0.01335887797176838,1
bioasq_train,bioasq13b_5d35c070b3a6380763000006,-0.0,0.042857829481363297,1
bioasq_train,bioasq13b_5e4f2aeb6d0a277941000032,-0.0,0.016605619341135025,1
bioasq_train,bioasq13b_5d35ca5eb3a6380763000008,-0.0,0.023553652688860893,1
bioasq_train,bioasq13b_5d35d03ab3a6380763000009,-0.0,0.05369565635919571,1
bioasq_train,bioasq13b_5e3df59348dab47f26000006,-0.0,0.023855386301875114,1
bioasq_train,bioasq13b_5fdb4364a43ad31278000029,-0.0,0.030241068452596664,1
bioasq_train,bioasq13b_601c13be1cb411341a00000d,-0.0,0.0009840435814112425,1
bioasq_train,bioasq13b_5e722812c6a8763d2300000a,-0.0,0.03485541045665741,1
bioasq_train,bioasq13b_5e4752933f54159529000018,-0.0,0.010515379719436169,1
bioasq_train,bioasq13b_5fdb2e91a43ad3127800000e,-0.0,0.010612862184643745,1
bioasq_train,bioasq13b_601d72a31cb411341a000037,-0.0,0.03846407309174538,1
bioasq_train,bioasq13b_5e3393e1fbd6abf43b000063,-0.0,0.0013066729297861457,1
bioasq_train,bioasq13b_601d35111cb411341a00002f,-0.0,0.02598002180457115,1
bioasq_train,bioasq13b_5e48bb12d14c9f295d000016,-0.0,0.02098402939736843,1
bioasq_train,bioasq13b_5e920ddf2d3121100d00000d,-0.0,0.016056392341852188,1
bioasq_train,bioasq13b_5e6e751351b80c9423000005,-0.0,0.01307706069201231,1
bioasq_train,bioasq13b_5fdb8309a43ad3127800002f,-0.0,0.033367596566677094,1
bioasq_train,bioasq13b_5e67cce31af46fc13000001d,-0.0,0.009195209480822086,1
bioasq_train,bioasq13b_5e339202fbd6abf43b000062,-0.0,0.023700257763266563,1
bioasq_train,bioasq13b_5e67b8bb1af46fc13000001b,-0.0,0.034221798181533813,1
bioasq_train,bioasq13b_5e6d1c271af46fc130000020,-0.0,0.027172617614269257,1
bioasq_train,bioasq13b_601d2ec01cb411341a00002d,-0.0,0.007411120925098658,1
bioasq_train,bioasq13b_60259b661cb411341a0000b2,-0.0,0.0003355913795530796,1
bioasq_train,bioasq13b_5e64eef51af46fc130000016,-0.0,0.007103286683559418,1
bioasq_train,bioasq13b_5e2b2d4afbd6abf43b000008,-0.0,0.012198232114315033,1
bioasq_train,bioasq13b_601c13a91cb411341a00000a,-0.0,0.008892648853361607,1
bioasq_train,bioasq13b_5fe31306a43ad3127800003c,-0.0,0.012982049025595188,1
bioasq_train,bioasq13b_5fdb2e3ea43ad3127800000b,-0.0,0.022213011980056763,1
bioasq_train,bioasq13b_5eb9a7f60d431b5f7300000c,-0.0,0.012747674249112606,1
bioasq_train,bioasq13b_5fdb43c2a43ad3127800002c,0.38997287335391506,0.0923491045832634,3
bioasq_train,bioasq13b_5fdb43d4a43ad3127800002d,-0.0,0.06646286696195602,1
bioasq_train,bioasq13b_5fdb4231a43ad31278000020,-0.0,0.05534464493393898,1
bioasq_train,bioasq13b_6020ae4c1cb411341a000083,-0.0,0.02871973253786564,1
bioasq_train,bioasq13b_6024a5891cb411341a0000a3,-0.0,0.03130999952554703,1
bioasq_train,bioasq13b_602c1fcc1cb411341a000120,-0.0,0.022801537066698074,1
bioasq_train,bioasq13b_60327f331cb411341a00013f,-0.0,0.00499854888767004,1
bioasq_train,bioasq13b_6053c11094d57fd87900001a,-0.0,0.0008145835599862039,1
bioasq_train,bioasq13b_60550d2994d57fd87900001b,-0.0,0.028978776186704636,1
bioasq_train,bioasq13b_60527fc794d57fd879000013,-0.0,0.008221724070608616,1
bioasq_train,bioasq13b_604cda0994d57fd879000002,0.14118174150460758,0.07018972188234329,2
bioasq_train,bioasq13b_604cda2f94d57fd879000004,-0.0,0.007940443232655525,1
bioasq_train,bioasq13b_6057a3bf94d57fd879000030,-0.0,0.017262401059269905,1
bioasq_train,bioasq13b_5e9ef62f0d431b5f73000006,-0.0,0.005513596348464489,1
bioasq_train,bioasq13b_602969061cb411341a000114,-0.0,0.00668302783742547,1
bioasq_train,bioasq13b_60321c531cb411341a000135,-0.0,0.009981739334762096,1
bioasq_train,bioasq13b_601ebe451cb411341a00005e,-0.0,0.010065644048154354,1
bioasq_train,bioasq13b_5e4bf7876d0a27794100002c,0.30102999566398114,0.0943743884563446,2
bioasq_train,bioasq13b_602c21501cb411341a000121,0.14118174150460758,0.020995473489165306,2
bioasq_train,bioasq13b_6025f7dc1cb411341a0000bd,-0.0,0.010352915152907372,1
bioasq_train,bioasq13b_5fdb41a2a43ad3127800001c,-0.0,0.00779227539896965,1
bioasq_train,bioasq13b_602c1dc41cb411341a00011f,-0.0,0.00791328214108944,1
bioasq_train,bioasq13b_6032866a1cb411341a000142,-0.0,0.02420174889266491,1
bioasq_train,bioasq13b_60490a0f1cb411341a000165,-0.0,0.008974388241767883,1
bioasq_train,bioasq13b_602c1c701cb411341a00011d,-0.0,0.009056075476109982,1
bioasq_train,bioasq13b_60491db71cb411341a00016e,-0.0,0.006485940422862768,1
bioasq_train,bioasq13b_5fdb4148a43ad31278000018,0.2652949955741215,0.07053777575492859,2
bioasq_train,bioasq13b_60266cf31cb411341a0000c4,-0.0,0.023473137989640236,1
bioasq_train,bioasq13b_6033fae11cb411341a00014d,-0.0,0.010228642262518406,1
bioasq_train,bioasq13b_601d73501cb411341a00003b,-0.0,0.023873034864664078,1
bioasq_train,bioasq13b_601d742e1cb411341a000040,-0.0,0.018908653408288956,1
bioasq_train,bioasq13b_5fe31310a43ad31278000041,0.21732201127364886,0.04563598707318306,2
bioasq_train,bioasq13b_6028196e1cb411341a0000f2,-0.0,0.0176361333578825,1
bioasq_train,bioasq13b_602c19f11cb411341a00011b,-0.0,0.001258940203115344,1
bioasq_train,bioasq13b_601d725d1cb411341a000036,-0.0,0.00845459196716547,1
bioasq_train,bioasq13b_601c48c11cb411341a00001e,-0.0,0.022942310199141502,1
bioasq_train,bioasq13b_604b6bec1cb411341a000170,-0.0,0.004063637927174568,1
bioasq_train,bioasq13b_5fe31318a43ad31278000045,-0.0,0.03321538865566254,1
bioasq_train,bioasq13b_6027fa581cb411341a0000ee,-0.0,0.04114643111824989,1
bioasq_train,bioasq13b_606b79da94d57fd87900006e,-0.0,0.00032805732917040586,1
bioasq_train,bioasq13b_6026b0e01cb411341a0000ca,-0.0,0.04546939581632614,1
bioasq_train,bioasq13b_602745c51cb411341a0000de,-0.0,0.0025390598457306623,1
bioasq_train,bioasq13b_5fdb40eba43ad31278000014,0.30102999566398114,0.08477998524904251,2
bioasq_train,bioasq13b_6032536a1cb411341a00013b,-0.0,0.016399569809436798,1
bioasq_train,bioasq13b_6053be3594d57fd879000019,-0.0,0.0040227570571005344,1
bioasq_train,bioasq13b_60249aa31cb411341a0000a0,-0.0,0.006960575003176928,1
bioasq_train,bioasq13b_6081b9d64e6a4cf63000000b,0.30102999566398114,0.09189804643392563,2
bioasq_train,bioasq13b_5eb504560d431b5f7300000b,-0.0,0.07304640114307404,1
bioasq_train,bioasq13b_606bfca094d57fd879000072,-0.0,0.0080794682726264,1
bioasq_train,bioasq13b_601ffa7a1cb411341a000078,-0.0,0.020541254431009293,1
bioasq_train,bioasq13b_602c192c1cb411341a000119,-0.0,3.270440720370971e-05,1
bioasq_train,bioasq13b_604d41ba94d57fd879000005,-0.0,0.03822036460042,1
bioasq_train,bioasq13b_601ec6e11cb411341a000064,0.14118174150460758,0.027905192226171494,2
bioasq_train,bioasq13b_606b61f794d57fd879000068,-0.0,7.610453758388758e-05,1
bioasq_train,bioasq13b_601c0b071cb411341a000009,-0.0,0.027210338041186333,1
bioasq_train,bioasq13b_5fe3130fa43ad31278000040,-0.0,0.0025261256378144026,1
bioasq_train,bioasq13b_6032722f1cb411341a00013d,-0.0,0.018283812329173088,1
bioasq_train,bioasq13b_606ae55d94d57fd879000057,-0.0,0.013457237742841244,1
bioasq_train,bioasq13b_60291a0c1cb411341a00010d,-0.0,0.0,1
bioasq_train,bioasq13b_604bc5b41cb411341a000173,-0.0,0.002226410899311304,1
bioasq_train,bioasq13b_606b3ce794d57fd879000065,-0.0,0.019501574337482452,1
bioasq_train,bioasq13b_601cba001cb411341a000028,-0.0,0.007433632854372263,1
bioasq_train,bioasq13b_601c4a0a1cb411341a00001f,-0.0,0.008117418736219406,1
bioasq_train,bioasq13b_606ad2ab94d57fd879000053,-0.0,0.0004331429663579911,1
bioasq_train,bioasq13b_5fdb4112a43ad31278000016,-0.0,0.04263307899236679,1
bioasq_train,bioasq13b_606b3f4d94d57fd879000066,-0.0,0.03411932662129402,1
bioasq_train,bioasq13b_60290f741cb411341a00010b,-0.0,0.010252032428979874,1
bioasq_train,bioasq13b_6060732b94d57fd87900003d,-0.0,0.03811565414071083,1
bioasq_train,bioasq13b_6020b43a1cb411341a000087,-0.0,0.01316839549690485,1
bioasq_train,bioasq13b_606b33e394d57fd879000061,-0.0,0.015460710041224957,1
bioasq_train,bioasq13b_5e57fb40b761aafe09000009,-0.0,0.00619250675663352,1
bioasq_train,bioasq13b_604f632494d57fd879000007,-0.0,0.03955097869038582,1
bioasq_train,bioasq13b_606080eb94d57fd879000040,-0.0,0.017283950001001358,1
bioasq_train,bioasq13b_5fdb2f03a43ad31278000010,0.14118174150460758,0.06906700879335403,2
bioasq_train,bioasq13b_606ad4bd94d57fd879000054,-0.0,0.002857592422515154,1
bioasq_train,bioasq13b_601c33f81cb411341a000017,-0.0,0.00759552326053381,1
bioasq_train,bioasq13b_6025382b1cb411341a0000a5,-0.0,0.015841148793697357,1
bioasq_train,bioasq13b_603256981cb411341a00013c,-0.0,0.021000085398554802,1
bioasq_train,bioasq13b_601f0d6f1cb411341a00006f,-0.0,0.027435747906565666,1
bioasq_train,bioasq13b_606ad1f094d57fd879000052,-0.0,0.005781847983598709,1
bioasq_train,bioasq13b_6028f6781cb411341a000100,-0.0,0.00029687880305573344,1
bioasq_train,bioasq13b_60571d4294d57fd879000028,0.14118174150460758,0.0459260419011116,2
bioasq_train,bioasq13b_5fdb2f54a43ad31278000012,-0.0,0.022028710693120956,1
bioasq_train,bioasq13b_6056fd8a94d57fd87900001e,-0.0,0.011597602628171444,1
bioasq_train,bioasq13b_61f86b5b882a024a10000043,-0.0,0.0,1
bioasq_train,bioasq13b_621fca543a8413c653000064,-0.0,0.004347098059952259,1
bioasq_train,bioasq13b_61f9c990c9dfcb9c09000001,-0.0,2.119276309997531e-08,1
bioasq_train,bioasq13b_601f0c161cb411341a00006e,-0.0,0.021634342148900032,1
bioasq_train,bioasq13b_603e4dc71cb411341a00015f,-0.0,0.015288127586245537,1
bioasq_train,bioasq13b_61f9cc19c9dfcb9c09000003,-0.0,0.036721620708703995,1
bioasq_train,bioasq13b_62260aa13a8413c65300007a,-0.0,0.007880658842623234,1
bioasq_train,bioasq13b_61f5f777882a024a10000018,-0.0,0.018439648672938347,1
bioasq_train,bioasq13b_61f86f58882a024a10000046,-0.0,0.022769061848521233,1
bioasq_train,bioasq13b_604919411cb411341a00016c,-0.0,0.0,1
bioasq_train,bioasq13b_61f9718f882a024a10000050,-0.0,0.00040567186078988016,1
bioasq_train,bioasq13b_606add0094d57fd879000055,-0.0,0.0,1
bioasq_train,bioasq13b_62004003c9dfcb9c09000013,-0.0,0.0031965733505785465,1
bioasq_train,bioasq13b_61f86db9882a024a10000045,-0.0,0.006688421126455069,1
bioasq_train,bioasq13b_621b99973a8413c653000045,-0.0,0.023614846169948578,1
bioasq_train,bioasq13b_620058b3c9dfcb9c09000016,-0.0,0.004241147078573704,1
bioasq_train,bioasq13b_601cbbf11cb411341a00002a,-0.0,0.021820463240146637,1
bioasq_train,bioasq13b_6060e30a94d57fd87900004a,-0.0,0.013325879350304604,1
bioasq_train,bioasq13b_61f50f8b882a024a10000001,-0.0,0.04957890138030052,1
bioasq_train,bioasq13b_62211b5a3a8413c65300006b,-0.0,0.006519500631839037,1
bioasq_train,bioasq13b_62190f633a8413c653000037,-0.0,0.013655495829880238,1
bioasq_train,bioasq13b_6023415b1cb411341a00008c,-0.0,0.01668713241815567,1
bioasq_train,bioasq13b_620bedb13a8413c653000004,-0.0,0.01751471310853958,1
bioasq_train,bioasq13b_620be7613a8413c653000003,-0.0,0.010080918669700623,1
bioasq_train,bioasq13b_60805f0c4e6a4cf630000003,-0.0,0.0026057681534439325,1
bioasq_train,bioasq13b_62128c503a8413c653000018,-0.0,0.020812468603253365,1
bioasq_train,bioasq13b_6221468d3a8413c653000076,-0.0,0.013839551247656345,1
bioasq_train,bioasq13b_60281e461cb411341a0000f4,-0.0,0.0013535155449062586,1
bioasq_train,bioasq13b_60292d311cb411341a00010f,-0.0,0.031021101400256157,1
bioasq_train,bioasq13b_6060915b94d57fd879000044,-0.0,0.011988736689090729,1
bioasq_train,bioasq13b_602344ab1cb411341a00008e,-0.0,0.032293595373630524,1
bioasq_train,bioasq13b_62114bd93a8413c65300000d,-0.0,0.03536911681294441,1
bioasq_train,bioasq13b_605794c294d57fd87900002d,-0.0,0.0033843994606286287,1
bioasq_train,bioasq13b_601eaaf61cb411341a000052,-0.0,0.006400578655302525,1
bioasq_train,bioasq13b_601ffd571cb411341a000079,-0.0,0.007719924673438072,1
bioasq_train,bioasq13b_620c2f4f3a8413c653000009,-0.0,0.020822769030928612,1
bioasq_train,bioasq13b_61f5bef2882a024a10000011,-0.0,0.014994995668530464,1
bioasq_train,bioasq13b_621e9e7b3a8413c653000054,-0.0,0.0004416359879542142,1
bioasq_train,bioasq13b_626aec71e764a53204000041,-0.0,0.0,1
bioasq_train,bioasq13b_62007dcec9dfcb9c09000019,-0.0,0.022369185462594032,1
bioasq_train,bioasq13b_626233dbe764a53204000034,-0.0,0.01998874917626381,1
bioasq_train,bioasq13b_61fa97d7c9dfcb9c09000006,-0.0,0.016526130959391594,1
bioasq_train,bioasq13b_626aa68ce764a53204000037,-0.0,0.01332810614258051,1
bioasq_train,bioasq13b_6252f0b7e764a5320400001f,-0.0,0.019109992310404778,1
bioasq_train,bioasq13b_62513dc6e764a53204000014,-0.0,0.005013349466025829,1
bioasq_train,bioasq13b_626aa780e764a53204000038,-0.0,0.013825359754264355,1
bioasq_train,bioasq13b_626aea6ae764a5320400003d,-0.0,0.00031289790058508515,1
bioasq_train,bioasq13b_624c97cde764a53204000005,-0.0,0.017695805057883263,1
bioasq_train,bioasq13b_625ebe5ce764a53204000032,-0.0,0.006219120696187019,1
bioasq_train,bioasq13b_62587e14e764a5320400002c,-0.0,0.022436432540416718,1
bioasq_train,bioasq13b_6273a2fde764a53204000048,-0.0,0.02801380679011345,1
bioasq_train,bioasq13b_6273a317e764a53204000049,0.14118174150460758,0.06921155005693436,2
bioasq_train,bioasq13b_627a989856bf9aee6f000024,-0.0,0.04981249198317528,1
bioasq_train,bioasq13b_6273a2a0e764a53204000045,-0.0,0.03266867995262146,1
bioasq_train,bioasq13b_62792bb156bf9aee6f00001c,-0.0,0.035504646599292755,1
bioasq_train,bioasq13b_627aa17156bf9aee6f000026,-0.0,0.006741947494447231,1
bioasq_train,bioasq13b_6277d7f356bf9aee6f000004,-0.0,0.022915057837963104,1
bioasq_train,bioasq13b_627a9ff356bf9aee6f000025,-0.0,0.014028731733560562,1
bioasq_train,bioasq13b_5fe31323a43ad3127800004d,-0.0,0.001594156725332141,1
bioasq_train,bioasq13b_5fdb4176a43ad3127800001a,-0.0,0.02659502997994423,1
bioasq_train,bioasq13b_62058382c9dfcb9c09000031,-0.0,0.007864533923566341,1
bioasq_train,bioasq13b_61f59012882a024a1000000c,0.14118174150460758,0.045920100063085556,2
bioasq_train,bioasq13b_6217e7a63a8413c653000033,-0.0,0.007648735772818327,1
bioasq_train,bioasq13b_6206c428c9dfcb9c0900003f,-0.0,0.003894990077242255,1
bioasq_train,bioasq13b_6220cf383a8413c653000069,-0.0,0.02609247714281082,1
bioasq_train,bioasq13b_5fd3c4f4a43ad31278000003,-0.0,0.01910821534693241,1
bioasq_train,bioasq13b_6217dba43a8413c653000029,-0.0,0.01821909286081791,1
bioasq_train,bioasq13b_62211fdf3a8413c653000073,-0.0,0.0030724380630999804,1
bioasq_train,bioasq13b_6211575f3a8413c653000011,-0.0,0.02829427644610405,1
bioasq_train,bioasq13b_621150333a8413c65300000e,-0.0,0.031810462474823,1
bioasq_train,bioasq13b_61f81785882a024a1000003f,-0.0,0.010384666733443737,1
bioasq_train,bioasq13b_620c2d743a8413c653000008,-0.0,0.018452150747179985,1
bioasq_train,bioasq13b_621b45943a8413c653000039,-0.0,0.00966853927820921,1
bioasq_train,bioasq13b_62211ce03a8413c65300006e,-0.0,0.026395617052912712,1
bioasq_train,bioasq13b_6211557b3a8413c65300000f,-0.0,0.007399033289402723,1
bioasq_train,bioasq13b_60490e321cb411341a000168,0.21732201127364886,0.04914913326501846,2
bioasq_train,bioasq13b_6237aa3c3a8413c6530000b5,-0.0,0.018218064680695534,1
bioasq_train,bioasq13b_622d04da3a8413c65300009f,-0.0,0.016406003385782242,1
bioasq_train,bioasq13b_623648513a8413c6530000ae,-0.0,0.009130307473242283,1
bioasq_train,bioasq13b_6202fa3cc9dfcb9c0900002c,-0.0,0.0,1
bioasq_train,bioasq13b_6200879ac9dfcb9c09000021,-0.0,0.003927767276763916,1
bioasq_train,bioasq13b_621e5dcf3a8413c65300004f,-0.0,0.011593692936003208,1
bioasq_train,bioasq13b_622df6663a8413c6530000a7,0.2652949955741215,0.06883937865495682,2
bioasq_train,bioasq13b_623648723a8413c6530000af,-0.0,0.0021456056274473667,1
bioasq_train,bioasq13b_6201a06fc9dfcb9c09000026,-0.0,0.01518272701650858,1
bioasq_train,bioasq13b_6237a94f3a8413c6530000b4,-0.0,0.03342912718653679,1
bioasq_train,bioasq13b_62008456c9dfcb9c0900001e,-0.0,0.017707591876387596,1
bioasq_train,bioasq13b_62262b353a8413c65300007f,-0.0,0.0018044047756120563,1
bioasq_train,bioasq13b_622cbb4e3a8413c65300009a,-0.0,0.05187269672751427,1
bioasq_train,bioasq13b_622669363a8413c653000089,-0.0,0.006217168644070625,1
bioasq_train,bioasq13b_6200839bc9dfcb9c0900001d,-0.0,0.0068787457421422005,1
bioasq_train,bioasq13b_6201a20cc9dfcb9c09000027,-0.0,0.0006293164333328605,1
bioasq_train,bioasq13b_62059190c9dfcb9c09000034,-0.0,0.025653179734945297,1
bioasq_train,bioasq13b_64403c4257b1c7a31500004f,-0.0,0.004970334470272064,1
bioasq_train,bioasq13b_63f042e2f36125a426000022,-0.0,0.0005669686361216009,1
bioasq_train,bioasq13b_64184483690f196b51000038,-0.0,0.019986320286989212,1
bioasq_train,bioasq13b_643de76757b1c7a315000039,-0.0,0.013383976183831692,1
bioasq_train,bioasq13b_63f02ec1f36125a426000017,-0.0,0.006489479448646307,1
bioasq_train,bioasq13b_64371c5957b1c7a31500002a,-0.0,0.0229068323969841,1
bioasq_train,bioasq13b_63eef7eff36125a42600000e,-0.0,0.011711887083947659,1
bioasq_train,bioasq13b_641790a3690f196b5100002c,-0.0,0.0340571291744709,1
bioasq_train,bioasq13b_63f56dc533942b094c000001,-0.0,0.0016638729721307755,1
bioasq_train,bioasq13b_643def7057b1c7a31500003a,-0.0,0.026336511597037315,1
bioasq_train,bioasq13b_643c9b4057b1c7a315000032,-0.0,0.0304507315158844,1
bioasq_train,bioasq13b_6402c71f201352f04a00000a,-0.0,0.0009100715396925807,1
bioasq_train,bioasq13b_6429e1b857b1c7a315000008,-0.0,0.06341554969549179,1
bioasq_train,bioasq13b_644029f857b1c7a315000042,-0.0,0.012097681872546673,1
bioasq_train,bioasq13b_6440360557b1c7a315000047,-0.0,0.01319746021181345,1
bioasq_train,bioasq13b_6419fa3d690f196b5100003c,-0.0,0.01823708787560463,1
bioasq_train,bioasq13b_644036cf57b1c7a315000048,-0.0,0.002842762740328908,1
bioasq_train,bioasq13b_6431f6a857b1c7a315000018,-0.0,0.006797929760068655,1
bioasq_train,bioasq13b_644281e557b1c7a31500005b,0.29228525323862886,0.1010821983218193,2
bioasq_train,bioasq13b_6414c1ae690f196b51000003,-0.0,0.0,1
bioasq_train,bioasq13b_64040c6b201352f04a00000f,-0.0,0.005628053564578295,1
bioasq_train,bioasq13b_64178f94690f196b51000027,-0.0,0.0470142625272274,1
bioasq_train,bioasq13b_63f03006f36125a426000018,0.14118174150460758,0.044413141906261444,2
bioasq_train,bioasq13b_642a029d57b1c7a315000011,-0.0,0.012171340174973011,1
bioasq_train,bioasq13b_6402bf2b201352f04a000007,-0.0,0.024565108120441437,1
bioasq_train,bioasq13b_6433012b57b1c7a315000022,-0.0,0.005807427689433098,1
bioasq_train,bioasq13b_6424154d690f196b5100004a,-0.0,0.03695021569728851,1
bioasq_train,bioasq13b_6432ffdf57b1c7a315000021,-0.0,0.0,1
bioasq_train,bioasq13b_64178ec2690f196b51000024,-0.0,0.029856257140636444,1
bioasq_train,bioasq13b_6415b422690f196b5100000a,-0.0,0.022515829652547836,1
bioasq_train,bioasq13b_641b7bba690f196b5100003e,-0.0,0.0381353497505188,1
bioasq_train,bioasq13b_6429f86657b1c7a31500000d,-0.0,0.05554525554180145,1
bioasq_train,bioasq13b_63f5713733942b094c000003,-0.0,0.006374367047101259,1
bioasq_train,bioasq13b_6429fe4e57b1c7a31500000f,-0.0,0.022474106401205063,1
bioasq_train,bioasq13b_642321a5690f196b51000047,-0.0,0.008768144994974136,1
bioasq_train,bioasq13b_64299fa957b1c7a315000002,-0.0,0.02376776561141014,1
bioasq_train,bioasq13b_63f92fd033942b094c00000b,-0.0,0.0,1
bioasq_train,bioasq13b_6426bb49690f196b5100004d,-0.0,0.038833629339933395,1
bioasq_train,bioasq13b_642f4aac57b1c7a315000015,-0.0,0.03491640090942383,1
bioasq_train,bioasq13b_644294b757b1c7a315000061,-0.0,0.05594213679432869,1
bioasq_train,bioasq13b_6419cd02690f196b5100003a,-0.0,0.04052179679274559,1
bioasq_train,bioasq13b_645037e557b1c7a31500008c,-0.0,0.017579268664121628,1
bioasq_train,bioasq13b_644ea46d57b1c7a31500007c,-0.0,0.00947849452495575,1
bioasq_train,bioasq13b_6431f74057b1c7a31500001a,-0.0,0.003992447629570961,1
bioasq_train,bioasq13b_64184949690f196b51000039,-0.0,0.03496990725398064,1
bioasq_train,bioasq13b_6414c1d0690f196b51000004,-0.0,0.003063888056203723,1
bioasq_train,bioasq13b_641373fc201352f04a000040,-0.0,0.00990570429712534,1
bioasq_train,bioasq13b_6433020c57b1c7a315000023,-0.0,0.01733105257153511,1
bioasq_train,bioasq13b_644f0a9757b1c7a315000088,-0.0,0.003951189108192921,1
bioasq_train,bioasq13b_644eae9c57b1c7a315000080,-0.0,0.041379403322935104,1
bioasq_train,bioasq13b_6450e67457b1c7a31500008e,-0.0,0.003994645085185766,1
bioasq_train,bioasq13b_644e7e4757b1c7a315000077,-0.0,0.0038466346450150013,1
bioasq_train,bioasq13b_64463cee57b1c7a315000065,-0.0,0.011435333639383316,1
bioasq_train,bioasq13b_644e7e5257b1c7a315000078,-0.0,0.037016190588474274,1
bioasq_train,bioasq13b_6446c89e57b1c7a315000073,-0.0,0.006649339105933905,1
bioasq_train,bioasq13b_6450f1b457b1c7a315000092,-0.0,0.0025381380692124367,1
bioasq_train,bioasq13b_64178f76690f196b51000026,-0.0,0.0296497642993927,1
bioasq_train,bioasq13b_63f02ceaf36125a426000015,-0.0,0.015231583267450333,1
bioasq_train,bioasq13b_6410fa66201352f04a000034,-0.0,0.013322551734745502,1
bioasq_train,bioasq13b_63f03939f36125a42600001b,-0.0,0.007496690843254328,1
bioasq_train,bioasq13b_64089b21201352f04a000021,0.2652949955741215,0.08106990903615952,2
bioasq_train,bioasq13b_6410eead201352f04a000030,-0.0,0.021970082074403763,1
bioasq_train,bioasq13b_63f032caf36125a42600001a,-0.0,0.0026466872077435255,1
bioasq_train,bioasq13b_640410d1201352f04a000012,-0.0,0.022380981594324112,1
bioasq_train,bioasq13b_641461bb201352f04a000046,-0.0,0.015104725956916809,1
bioasq_train,bioasq13b_640dde93201352f04a000029,-0.0,0.01294682826846838,1
bioasq_train,bioasq13b_6410f8b2201352f04a000033,-0.0,0.033535782247781754,1
bioasq_train,bioasq13b_63fa197c201352f04a000003,-0.0,0.004117532633244991,1
bioasq_train,bioasq13b_6413730e201352f04a00003f,-0.0,0.016914375126361847,1
bioasq_train,bioasq13b_6410ed73201352f04a00002f,-0.0,0.011910682544112206,1
bioasq_train,bioasq13b_63f57f7f33942b094c000006,-0.0,0.004810720216482878,1
bioasq_train,bioasq13b_64144419201352f04a000045,-0.0,0.06984782963991165,1
bioasq_train,bioasq13b_64089be7201352f04a000022,-0.0,0.007952043786644936,1
bioasq_train,bioasq13b_6415babe690f196b5100000d,-0.0,0.0011002448154613376,1
bioasq_train,bioasq13b_63f04546f36125a426000024,-0.0,0.009194662794470787,1
bioasq_train,bioasq13b_6414c3f3690f196b51000005,-0.0,0.00582526670768857,1
bioasq_train,bioasq13b_6446884b57b1c7a31500006f,-0.0,0.011465154588222504,1
bioasq_train,bioasq13b_65f843cbc4010b4d78000042,-0.0,0.024163667112588882,1
bioasq_train,bioasq13b_65f1eb84c4010b4d78000008,-0.0,0.011958838440477848,1
bioasq_train,bioasq13b_65f77328c4010b4d78000023,0.14118174150460758,0.08668729662895203,2
bioasq_train,bioasq13b_65d129621930410b1300002e,-0.0,0.00017687745275907218,1
bioasq_train,bioasq13b_65cfab681930410b13000012,-0.0,0.04156165197491646,1
bioasq_train,bioasq13b_65f492bbc4010b4d78000011,-0.0,0.0264842938631773,1
bioasq_train,bioasq13b_65f8611dc4010b4d78000055,-0.0,0.01404698844999075,1
bioasq_train,bioasq13b_65d128f81930410b1300002d,-0.0,8.477105239990124e-08,1
bioasq_train,bioasq13b_65f5a319c4010b4d78000016,-0.0,0.01926100254058838,1
bioasq_train,bioasq13b_65ce88be1930410b13000002,-0.0,0.028623443096876144,1
bioasq_train,bioasq13b_65f8418fc4010b4d78000041,0.4126972515042214,0.08234378695487976,3
bioasq_train,bioasq13b_65f37871c4010b4d7800000a,-0.0,0.015580735169351101,1
bioasq_train,bioasq13b_65f59db8c4010b4d78000014,-0.0,0.013617374934256077,1
bioasq_train,bioasq13b_662cf81b187cba990d000001,-0.0,0.01712745614349842,1
bioasq_train,bioasq13b_662fdb1e187cba990d000019,-0.0,0.04839932173490524,1
bioasq_train,bioasq13b_66168a89fdcbea915f000054,-0.0,0.017489507794380188,1
bioasq_train,bioasq13b_663023f3187cba990d000030,-0.0,0.038108840584754944,1
bioasq_train,bioasq13b_662cfadc187cba990d000006,-0.0,0.03922762721776962,1
bioasq_train,bioasq13b_66169f9bfdcbea915f000057,-0.0,0.0015166401863098145,1
bioasq_train,bioasq13b_662cfa24187cba990d000005,-0.0,0.0187382772564888,1
bioasq_train,bioasq13b_6630562c187cba990d000036,-0.0,0.030532274395227432,1
bioasq_train,bioasq13b_662ee24a187cba990d00000d,-0.0,0.022475987672805786,1
bioasq_train,bioasq13b_6616b259fdcbea915f00005a,-0.0,0.007885773666203022,1
bioasq_train,bioasq13b_663027bb187cba990d000033,-0.0,0.002268335549160838,1
bioasq_train,bioasq13b_663014c8187cba990d000020,-0.0,0.001711130142211914,1
bioasq_train,bioasq13b_660d27e3fdcbea915f000039,-0.0,0.0334867388010025,1
bioasq_train,bioasq13b_65f77ac9c4010b4d7800003c,0.29228525323862886,0.09217265248298645,2
bioasq_train,bioasq13b_65f773cdc4010b4d78000026,-0.0,0.03719937428832054,1
bioasq_train,bioasq13b_66088cccfdcbea915f00000b,-0.0,0.013234264217317104,1
bioasq_train,bioasq13b_65f77919c4010b4d78000036,-0.0,0.05563376843929291,1
bioasq_train,bioasq13b_660a8fc4fdcbea915f000027,-0.0,0.004540826193988323,1
bioasq_train,bioasq13b_660d6f0cfdcbea915f00003e,0.14118174150460758,0.028709588572382927,2
bioasq_train,bioasq13b_660c0895fdcbea915f00002f,-0.0,0.0397825613617897,1
bioasq_train,bioasq13b_66088bbafdcbea915f00000a,-0.0,0.009930647909641266,1
bioasq_train,bioasq13b_66088f67fdcbea915f00000e,-0.0,0.01689325086772442,1
bioasq_train,bioasq13b_65f7794dc4010b4d78000037,0.21732201127364886,0.07869844138622284,2
bioasq_train,bioasq13b_660c06b8fdcbea915f00002e,-0.0,0.0003080990572925657,1
bioasq_train,bioasq13b_660710b7fdcbea915f000002,-0.0,0.02448846958577633,1
bioasq_train,bioasq13b_660d2a50fdcbea915f00003a,-0.0,0.033610016107559204,1
bioasq_train,bioasq13b_65cf6c301930410b13000008,-0.0,0.006589870899915695,1
bioasq_train,bioasq13b_661be07748a2c27714000002,-0.0,0.007295890711247921,1
bioasq_train,bioasq13b_66150366fdcbea915f000046,-0.0,0.0,1
bioasq_train,bioasq13b_661d9cc3eac11fad33000029,-0.0,0.021818984299898148,1
bioasq_train,bioasq13b_661d62dceac11fad33000026,-0.0,1.1523564324988911e-07,1
bioasq_train,bioasq13b_661d575eeac11fad33000020,-0.0,0.017109960317611694,1
bioasq_train,bioasq13b_661c416048a2c27714000008,-0.0,0.012696946039795876,1
bioasq_train,bioasq13b_661c03c848a2c27714000004,0.14118174150460758,0.05505045875906944,2
bioasq_train,bioasq13b_6614fb7bfdcbea915f000044,-0.0,0.032632168382406235,1
bioasq_train,bioasq13b_66168d7bfdcbea915f000056,-0.0,0.016519824042916298,1
bioasq_train,bioasq13b_65f868eac4010b4d78000056,-0.0,0.03312807157635689,1
bioasq_train,bioasq13b_65f846bfc4010b4d78000045,-0.0,0.04814428836107254,1
bioasq_train,bioasq13b_6616576afdcbea915f000050,-0.0,0.008069081231951714,1
archehr_train,archehr_1,-0.0,0.005406786222010851,1
archehr_train,archehr_2,0.21732201127364886,0.048323821276426315,2
archehr_train,archehr_3,0.21732201127364886,0.053789593279361725,2
archehr_train,archehr_4,-0.0,0.04647020250558853,1
archehr_train,archehr_5,-0.0,0.010638689622282982,1
archehr_train,archehr_6,0.34822537285722394,0.0958736315369606,3
archehr_train,archehr_7,-0.0,0.017695540562272072,1
archehr_train,archehr_8,-0.0,0.04320898652076721,1
archehr_train,archehr_9,0.6387640052032225,0.1520714908838272,5
archehr_train,archehr_10,0.14118174150460758,0.04473329707980156,2
archehr_train,archehr_11,-0.0,0.05496552959084511,1
archehr_train,archehr_12,-0.0,0.038956187665462494,1
archehr_train,archehr_13,-0.0,0.026353348046541214,1
archehr_train,archehr_14,-0.0,0.009341873228549957,1
archehr_train,archehr_15,-0.0,0.02248319610953331,1
archehr_train,archehr_16,-0.0,0.007544191554188728,1
archehr_train,archehr_17,0.44717262228329563,0.14741654694080353,3
archehr_train,archehr_18,0.14118174150460758,0.06009988859295845,2
archehr_train,archehr_19,0.2775280104064451,0.08370861411094666,3
archehr_train,archehr_20,0.14118174150460758,0.05593061074614525,2
